0,0.4387446122977996,0.8314343266892668,-0.3409107296381547,0,-0.6117466106333911,-0.31480779714369816,0.7257149131966978,0,-0.6275403175805842,0.6965693086156245,0.34782804387457084,0,0.6190983424049722,-0.7680259665069737,0.16386993989882556,0,-0.7800152405031285,-0.16298800351247117,-0.6041615142442168,0,0.2432347003912031,0.38753595853264966,0.8891865728685864
0,-0.4423619003400759,0.8931342221205485,-0.08140768025585735,0,-0.7956974457977949,-0.03410433584551821,0.6047333867312119,0,-0.7868316635300384,0.5085981202545412,0.34960532796297517,0,0.6355493701177666,-0.7625739910300656,-0.12065614923155615,0,-0.9738277561644277,0.16961496936616519,-0.15129528575164009,0,-0.30463143098114065,0.5836031132935281,0.7527330851055264
0,-0.8007464988803187,0.3350407584710979,0.49654076841083583,0,-0.8396659693682654,0.4559572528419315,0.2950661679449036,0,-0.8308499817025953,0.386954529391758,0.3999431210659838,0,0.06077903134635349,0.5593540992080586,0.8266975874210231,0,-0.7669358447476508,0.46678126299741785,0.44036878017832126,0,-0.8916989115706949,0.27858774270998143,0.35673788797294204
0,-0.4478518808182152,-0.17623154517511483,0.8765678155925979,0,-0.19149083142245416,0.9702759383782712,-0.14797251395209346,0,-0.7583576853550554,0.41363408188242173,0.5037861325683834,0,0.7935247885214963,-0.2890370631287772,0.5355146927394296,0,-0.10373719967922178,0.5427849456479618,0.8334405174819929,0,-0.8901050268196969,-0.424417986203367,-0.16607954183879806
0,0.18057156459610793,-0.350418200435146,0.9190217597332,0,0.8009164885343999,0.5964208812866918,-0.053055732573702954,0,-0.28806724523076566,0.6376426209539252,0.71444324488945,0,0.8588021566802267,-0.31249773781730883,0.40596061328712113,0,0.5897432609874992,0.26538827453345154,0.7627397654901624,0,-0.18396747144362413,-0.8718692045047639,-0.4538722944693471
0,0.7477729106667347,-0.3724155583234265,0.5496747456374996,0,0.9332193176460992,-0.014181695974464193,0.35902727566500653,0,0.7136008790848802,0.030874890778557186,0.6998717928940259,0,0.8976621903265876,-0.2673002645955195,0.3503614713481473,0,0.848343156694762,-0.16262321415474848,0.503852735139093,0,0.8081401645141638,-0.4794450352551357,-0.3421139176768784
0,0.8398296193414686,-0.5249600582521657,0.13821413718085063,0,0.7202364878292056,-0.25884412457393174,0.6436296456604571,0,0.6015406135040801,-0.6436951817219542,0.4730807577286094,0,0.9314343031442427,-0.18713913791864428,0.31210428062630874,0,0.8084903247026575,-0.42232465016570575,0.4098600794473716,0,-0.32198334552909713,0.7225836025506112,-0.6117186138469797
0,0.8199025004775926,-0.5637303338019818,0.0998398741089824,0,0.538463076220596,-0.21181346900519898,0.8155933851466897,0,0.517305367718391,-0.7418684616902173,0.42664545242991975,0,0.962387060701075,-0.089497689775776,0.2565176581055271,0,0.7820685373567023,-0.4397533266342942,0.44157198121124025,0,-0.06814946093971626,-0.46533877241910454,-0.8825052282321657
0,0.8933393351571256,-0.43002692109266927,0.13046715830654101,0,0.5399008224777658,0.03800771659906928,0.840870094227852,0,0.6215625415970281,-0.6570003759711253,0.4266269012348409,0,0.982230387239014,0.0055594851141362,0.18759679770604304,0,0.8475859466746315,-0.2941478286433974,0.4416730894044185,0,0.5088971025441454,-0.4771533372989543,-0.7164833785417801
0,0.9804715394586812,-0.16424153108412506,0.1081678315335301,0,0.7651398859495304,0.2793327738025854,0.5801156405484109,0,0.8539504669940168,-0.37346538963602344,0.3623426591842501,0,0.9876745938001197,0.1143999715735731,0.10682482513785833,0,0.9483960991498301,-0.05199666743916909,0.3127957571524999,0,0.8606694893710989,-0.20507140981400862,-0.46604049925149926
0,0.9739598269432196,0.22294140398132076,-0.04122360842492543,0,0.9740035542354821,0.22359593786939957,0.036358395247203044,0,0.9831616979886604,0.17904254843224116,-0.0365628425993261,0,0.9696532562078685,0.2437603365460024,-0.01880055989744308,0,0.9763992094670281,0.21544880773091765,-0.01504642813057421,0,0.9577965675767656,0.27389074612521536,-0.08723298874358837
0,0.724146551342944,0.5653270456776036,-0.39499000443499,0,0.8552777941707886,-0.14421519006450484,-0.4976965679538172,0,0.5019560305006734,0.4553251303323203,-0.735336092635104,0,0.9059580881132373,0.3518544274646066,-0.2354536142338047,0,0.7942207996394867,0.3284422186477575,-0.511213292501039,0,0.4803492536118628,0.8420581069033966,0.24536246484088475
0,0.3110413755448321,0.5385576808509698,-0.7830765525129735,0,0.431718802328626,-0.5781368235022709,-0.6923703409495824,0,-0.08339332916054287,0.17138898403578715,-0.9816676468146956,0,0.7901619651067077,0.3153573200325993,-0.525541463255339,0,0.4361188315037484,0.12872358333694292,-0.890634944239615,0,-0.2517124247545077,0.9642128651486174,0.08327308032071573
0,0.03459878273846664,0.2787330683322634,-0.959745174955883,0,0.025556910964112296,-0.8548166752448592,-0.5183003916893152,0,-0.3857856230345537,-0.117802827480022,-0.9150365822728365,0,0.6958645461834115,0.0910692326187929,-0.7123755528056664,0,0.1423611363559079,-0.20559868859201177,-0.9682264642658243,0,-0.5350866717316877,0.8294016977267462,-0.16054618507798982
0,-0.10560622050414559,0.0800611962144506,-0.9911798681629593,0,-0.1636193466216873,-0.9600962427146371,-0.2268125087739395,0,-0.5530564598647877,-0.30299763847509126,-0.7760934114398513,0,0.6850234548523176,-0.12109698699309816,-0.7183859589687065,0,-0.009411442892144316,-0.4621647807255461,-0.8867441232957768,0,-0.633562386495615,0.7544347753227105,-0.1715426250287438
0,-0.2305504354610403,-0.005364249963280795,-0.9730455906744844,0,-0.1767496720205418,-0.9842551338181335,-0.0011768573742043796,0,-0.6670344244669089,-0.4341927541745883,-0.605426897980578,0,0.7232170920950617,-0.19942935542002574,-0.6611996445086129,0,-0.08167294650488559,-0.6135706490945692,-0.7854047290275755,0,-0.7343830304474442,0.6781020209823025,0.02931234774877033
0,-0.4211244119752273,-0.0044424110011708744,-0.906992003615807,0,-0.10173314508803226,-0.9877193658070114,0.1185783352906111,0,-0.7324628045974029,-0.5515850421925821,-0.39906413157626014,0,0.7769779824090349,-0.14490039757218984,-0.6126247543439679,0,-0.13004424584850513,-0.6908678363004535,-0.7111892342318067,0,-0.8028035044059022,0.45650316364159654,0.383551032978424
0,-0.7253173885745504,0.04132406042220642,-0.6871732007737323,0,0.012877536438932993,-0.9900089221661657,0.14041546598096302,0,-0.7172682290778177,-0.6762882281520315,-0.16781096513207033,0,0.8384153444131125,0.07851116367016116,-0.539347483012389,0,-0.18953697484533766,-0.7102979315404386,-0.67790307833484,0,-0.6957718959960006,0.007198837645785756,0.7182267368169192
0,-0.9969908075334554,-0.03871060803823377,-0.06716262739871552,0,0.15276428967194763,-0.9862103532220613,0.06365697918250876,0,-0.5876852924675531,-0.8084860293052594,0.03124639876116822,0,0.8425963787652775,0.5277153526748332,-0.10746091867705801,0,-0.3173969822817563,-0.6401659390450739,-0.6996046927551113,0,-0.3681821868035584,-0.511876596665992,0.7761599236666313
0,-0.6203689833582826,-0.514262848927594,0.5921790664147846,0,0.3347419930880723,-0.9308623590775854,-0.14643451272134414,0,-0.38440692835775564,-0.918625256305529,0.09142730395323045,0,0.5032458173428747,0.07323483287078193,0.861034439834604,0,-0.7547535289125589,-0.24825931105438115,-0.6072185974332828,0,-0.011738263934410713,-0.8453779576971953,0.5340396256828939
0,-0.10066593414188234,-0.8662482931960105,0.48936720797203115,0,0.6964527827165597,-0.5508924658487022,-0.45985977484174106,0,-0.3488594880532135,-0.9371689827712852,0.0033697665622508307,0,0.37141385017331774,-0.7031787299934762,0.6062931845107562,0,-0.50543651155493,-0.24476294658152867,0.8274207108647396,0,0.18227953369810754,-0.964489405045367,0.1911396325988797
0,0.06611012890582557,-0.9383987468132721,0.3391714062761414,0,0.9298322458319981,-0.30223833024874386,0.20991423567608133,0,-0.47187045231528374,-0.756463451735092,0.45288113498002924,0,0.3707544650021643,-0.8843060506417828,0.2838026347292984,0,0.21915050880444958,-0.7578653693855688,0.6145023485527341,0,0.12388888468028093,-0.9890984959715075,-0.0795971702988104
0,0.2631553388271671,-0.8900589307349716,0.3722154852577714,0,0.7266980543621029,-0.6862593918853093,-0.030951330109382034,0,0.4991630224747109,-0.6034854602591844,0.6218050950657059,0,0.3542991666132561,-0.9305457507402107,0.09250246654273517,0,0.5003087295737911,-0.8179941847552255,0.28386033329595967,0,-0.3766378674709571,-0.9258792367322818,0.02985893124304854
0,0.6422043129965112,-0.722890039612595,0.2549580573301817,0,0.5742802610827062,-0.652658498407795,-0.49420548983885326,0,0.8846511928735973,-0.4617361894566143,-0.06474533414391423,0,0.31746610782113927,-0.9467703380074848,-0.05330288410667976,0,0.652288745816666,-0.7516707320616406,-0.0975218059863463,0,-0.23167473403135708,0.5829024034622741,0.7788142305129023
0,0.8619350585163151,-0.47605032601211245,-0.17448221113981158,0,0.31121044643308804,-0.4249833374916677,-0.8500218943564697,0,0.7554609457122181,-0.24106101951459624,-0.6092358692445682,0,0.24967441119090497,-0.9437127041875684,-0.21695395905920173,0,0.6123599926415797,-0.5914116153669842,-0.5246403917170491,0,0.5223853027953179,0.8323669212983029,-0.18514562849775512
0,0.7453797411869943,-0.19456359313600527,-0.6376159107597743,0,-0.028074169698656632,-0.09683647000165373,-0.9949042863880674,0,0.4247596813849091,0.032355762645035445,-0.9047277588829963,0,0.10047821475870752,-0.8937741235750035,-0.43711776947023967,0,0.36314907747714964,-0.3310669405817254,-0.8709290604758527,0,0.3578540900052912,0.7636094791105849,-0.5374393116240622
0,0.38278948892665765,0.13949250404889238,-0.9132436961082392,0,-0.3313977065773964,0.26494800813135655,-0.9055264286935354,0,0.036702806107731065,0.33561606667481736,-0.9412835703514341,0,-0.21346496855250813,-0.695452008028504,-0.6861335232518507,0,-0.018185808262406098,0.035356541481967756,-0.9992092830594985,0,0.08649880115785394,0.7980860880685807,-0.5963024009926873
0,-0.10273133582716726,0.512329336831836,-0.8526223802250424,0,-0.49645724404885977,0.6148203346515485,-0.6128018937065788,0,-0.29324443467459216,0.6328179022070033,-0.7166234744820369,0,-0.6958740630364252,-0.10934161350927617,-0.7097913073209375,0,-0.3863292353406035,0.472049607206857,-0.7924133329626631,0,-0.15683110743944095,0.8532890633835494,-0.4972944580923296
0,-0.5057399669707787,0.7819878376917931,-0.3643104548465627,0,-0.439748522974367,0.8837426758409103,-0.16006286089974223,0,-0.44714848380610184,0.8543339712243627,-0.2648994130644946,0,-0.6966477047049265,0.7136235140425709,0.07364411541250604,0,-0.528195862423253,0.8207597715199979,-0.21762933711564908,0,-0.2958350727891237,0.9067957321289049,-0.3003383257272661
0,-0.5776446929818495,0.7310808812368175,0.3631079092499963,0,-0.12060534502831774,0.9313877610524993,0.3434693426089333,0,-0.33443386630649036,0.8954215540808026,0.293894929447265,0,0.1370575469057563,0.5864320117570381,0.7983186860037598,0,-0.2880452736944685,0.8268722999412697,0.48302393304277763,0,-0.2621903152788142,0.9636453088037649,-0.05141942623651625
0,-0.3015240398555993,0.33283507464462686,0.8934786323552817,0,0.33953026050948265,0.6562637942733226,0.6738227025890007,0,0.022701004401053087,0.6732026287731092,0.7391095216624924,0,0.6645996086967304,0.08552793057420947,0.742288578122987,0,0.18201292405558375,0.4517620403970481,0.8733741204850486,0,0.01256537141367392,0.9747470200774213,0.22295819852928364
0,0.0991641644688772,-0.20503806041616707,0.9737175474776893,0,0.6928583580247151,0.20070305728891963,0.6925789330539704,0,0.4400137223427318,0.23719566961530866,0.8660982267998465,0,0.8482370691010608,-0.21023882063893412,0.4861003115604766,0,0.5723718154744414,-0.02685982499805407,0.8195541804246781,0,0.48874050558080195,0.7397153577949712,0.4625515189110069
0,0.43116394818339543,-0.6425244844831313,0.6334508162648403,0,0.8412146112428353,-0.19572595773720888,0.5040330617126401,0,0.7083245782028573,-0.21865138908173262,0.6711690263758996,0,0.9006045188126747,-0.34065512163717077,0.26993626802739,0,0.7679738685725552,-0.3691512943912492,0.5233960823687628,0,0.8274168291731273,0.19979763922018412,0.5248450191848341
0,0.6382594614521022,-0.7659952293515839,0.07665617051149244,0,0.8587646253581118,-0.4384709244708845,0.2650784159964552,0,0.7899502762174427,-0.5146771543420161,0.3332956463897936,0,0.9039829356519553,-0.40609871558934274,0.1337859680488163,0,0.8285775786638313,-0.5208838157299652,0.20527846123296561,0,0.8728984174610023,-0.2909717255493432,0.3916424488291783
0,0.824889126381935,-0.5247401346921393,-0.21025156413240617,0,0.8405991853674046,-0.5384864418375519,0.05852658811846625,0,0.8104867899387757,-0.5845147385428461,0.03812720499757871,0,0.8725308356838594,-0.4856880757900679,0.052886990991806555,0,0.8451178132400815,-0.5345129010235793,0.008475870672676472,0,0.8265689691931077,-0.5460100235115962,0.13658987294784786
0,0.6597767003862705,-0.42831083059692354,0.6174500287640928,0,0.8518258893273573,-0.5201572107087457,-0.0618799678357585,0,0.9088763102969803,-0.4157500940079297,-0.03310153944070279,0,0.7816476063737933,-0.6216972983715439,-0.05019450814225753,0,0.8488238847439058,-0.5267427481463759,0.04516735506389883,0,0.8407603630171259,-0.4993541312977426,-0.20920674830221764
0,-0.6863829753018278,0.1623701771479586,0.7088824562568543,0,0.9027573787203712,-0.4298426639398939,0.016260363556193584,0,0.9162921903814812,-0.1084382417323658,0.3855512541490435,0,0.594075122699403,-0.7334476483324202,-0.33034723511077224,0,0.6592930903228629,-0.662553856862778,0.3554644958484413,0,0.9416738324653905,0.02076277897305712,-0.3358858440888213
0,-0.5553292295147031,0.6591895985096277,0.507029111652696,0,0.8157405552010517,-0.45903372751496213,0.3519309358439516,0,0.44556554892198746,-0.06074429721847573,0.8931861351192605,0,0.48780701277596866,-0.4148931135298562,-0.7680547002864365,0,-0.024930939809788395,-0.8350566949789455,0.5495987303579228,0,0.8756899608313975,0.4090800104761081,0.2565553303441053
0,-0.2500995205419701,0.7257078800420516,0.6409354902558821,0,0.4817370615177556,-0.665770035887494,0.5698066890398913,0,0.001690505676387799,-0.16856964729281015,0.9856882956605174,0,0.7820209779104189,0.06884932099604582,-0.6194376167996383,0,-0.6916795718186933,-0.6433339473558654,0.3281780036934675,0,0.6519347990530131,0.1674421285899068,0.7395567262603921
0,0.011154181924507131,0.5885590015937898,0.8083773165227465,0,0.13525228613014728,-0.7960270264289843,0.5899557545199453,0,-0.20556371073136934,-0.2213765338615057,0.9532764505041629,0,0.9860698081380224,-0.05346927538532182,-0.1575035557326002,0,-0.9557315552401198,-0.26022492413332254,0.13733238211765103,0,0.4467281362414277,-0.1531245740174562,0.8814685684255755
0,0.23442222100151058,0.3052114527133532,0.922980060149364,0,-0.1773546357788759,-0.7760450889071117,0.6052266956693956,0,-0.2655233679972429,-0.22201391007770255,0.938193564665315,0,0.8431703780137951,-0.5136841976162559,0.15872069417507237,0,-0.9749299091838401,0.13546696006087566,0.17652301524349176,0,0.24347570260381635,-0.3971959836125259,0.8848474065304458
0,0.4236577834968739,-0.14648666166258262,0.8938991780046941,0,-0.49197890038172115,-0.5595601258753587,0.6669701845731527,0,-0.22093924919861835,-0.18291886450574502,0.9579804471759743,0,0.1948860131638959,-0.9570239398036059,0.21476643246994082,0,-0.694953108100298,0.6063798422044538,0.3864500802300826,0,-0.008572397595003042,-0.5619364308704454,0.8271359994946771
0,0.507368185679408,-0.7418708805531362,0.4384120444829273,0,-0.7383233707906017,-0.04141824094108581,0.6731739221492096,0,-0.05482303148930738,-0.07087731880698049,0.995977329509591,0,-0.7449515753386872,-0.6572910912507646,-0.11408580877036183,0,-0.05864492934977151,0.9886299507630399,0.1384615207045976,0,-0.36846609736430747,-0.6049799623758393,0.7058554952799085
0,0.21621061613458947,-0.6656700502956494,-0.7142383030964444,0,-0.665707406573517,0.6475802610399765,0.3707741284725219,0,0.2825340768418124,0.26967967352971306,0.9205690463555963,0,-0.8486377260085111,0.2974635263985194,-0.43741223171930205,0,0.04070559548031728,0.9485634338786787,-0.31395933877634924,0,-0.8474044457695984,-0.3168824164711388,0.426017886269264
0,-0.09411715879462379,0.5868855832347947,-0.8041811192832014,0,-0.28428753639544424,0.9390316024059697,-0.19339143293612104,0,0.31782593825683597,0.9406305807159971,0.11916704071616299,0,-0.3387317531055704,0.8178579667189355,-0.4651549695664827,0,-0.06227409624586851,0.906135641280874,-0.418377982854332,0,-0.7484356078641327,0.6280349168935035,-0.21311096650246816
0,0.028819825447916843,0.9995452806411347,0.008868461489261638,0,0.002760686791933916,0.7739914205866714,-0.6331900658306817,0,-0.6380052334440592,0.5497309685322983,-0.5392079231006651,0,0.13846209468898454,0.9072609960498793,-0.39712181176676686,0,-0.14075192240323217,0.909528983893232,-0.3910830139470892,0,0.5758874406277872,0.6232717637971864,-0.5290424975182249
0,0.22690691097319726,0.7646914717623956,0.6031253657130187,0,0.0739245318793326,0.48417381923213915,-0.8718433783407348,0,-0.9395363355871891,-0.07498518485946704,-0.33413873789638404,0,0.48256112774771764,0.802650951782447,-0.35055129095409565,0,-0.21640784607459632,0.9242738316870327,-0.3144606942304947,0,0.8927002621792836,-0.16989795720443254,-0.4173978031120899
0,0.38700468137964367,0.22377103430936937,0.8945132200221276,0,-0.014964086941703134,0.18889002142622588,-0.9818842273443449,0,-0.8738674858175549,-0.4620655001511148,-0.1511657725842916,0,0.7204057989886288,0.5883211464548642,-0.3672787952190945,0,-0.34409814403430566,0.9208225033208804,-0.18352761277261145,0,0.6762766953604078,-0.6146056463767309,-0.4060907912699412
0,0.4593097173359662,-0.4984671779788862,0.735231294245913,0,-0.22622727357474492,-0.16871346947816548,-0.9593523783821966,0,-0.624057091008984,-0.7775545681706034,-0.07721166154429772,0,0.833222176033305,0.24593020043627437,-0.495236450475627,0,-0.6347078723444527,0.7651202124804396,0.10833733076767642,0,0.37768613873074286,-0.8086446694336347,-0.45105097185044335
0,0.39761731422025276,-0.9158407187180909,-0.05600222647541409,0,-0.3811339351721846,-0.7638431951840563,-0.5208459432799456,0,-0.10581158383133052,-0.9858487041938838,-0.13002400227014144,0,0.4599565069277141,-0.32929869176313076,-0.8246225702331621,0,-0.4593267210873266,-0.6104594525172861,0.6452582584728852,0,0.10665694135849296,-0.8845977925473151,-0.4539945399236299
0,0.3543479366838504,-0.4139400010891563,-0.8385053459973927,0,0.6443841565747793,-0.6786003055830873,0.35252047318978663,0,0.6335527998749347,-0.6963266755272188,-0.33725362966147926,0,-0.6671762510780396,0.7379221590220593,0.10171891280226947,0,0.9455085783445366,-0.11297661982767529,-0.3053683212928385,0,0.02825667370963784,-0.962158999626292,-0.2710195930721613
0,0.5427595276879125,0.464975184442174,-0.699435610300877,0,0.9301019876078951,0.28958801524930955,-0.22594042150931878,0,0.8501240113282263,0.20598831042546975,-0.48462148253174436,0,0.7557238227593901,0.6523183125327401,-0.05798553999379767,0,0.8083287389350464,0.4415493810740519,-0.38940826119228533,0,0.917141839541918,-0.3728063199891166,-0.14094784119609324
0,0.5896051354174658,0.6398063654959104,0.49296409500111227,0,0.5593881928952966,0.5944994027563111,-0.5776290416623144,0,0.420085181457713,0.8239036656247686,-0.38040924027908396,0,0.7898966374102415,0.2440482256310878,-0.5625866740106016,0,0.7141923663805033,0.6224002620506173,-0.3202298824331354,0,0.11402099931180901,0.532971011816607,-0.8384158349405851
0,-0.44466809278649977,-0.23938657172907685,0.8631131771288258,0,0.213048571197722,0.7532783121198875,-0.6222395766908616,0,-0.04557948026509388,0.9854412307848212,-0.16379283149167753,0,0.41663168778097964,0.14554605970691226,-0.897348528299102,0,0.6767931526022503,0.7099598084800419,-0.19470002294219094,0,-0.3783564928511178,0.582656861644945,-0.7192755702062078
0,-0.9400401630135495,-0.28955982247922374,0.18022097859921743,0,-0.07387979186978669,0.8848043755077125,-0.4600684660305286,0,-0.3847090372717125,0.9188072097835119,0.08827382336406109,0,-0.01919981230372003,0.32054165744233787,-0.9470398159800997,0,0.6735165515714548,0.7383305405368976,0.0352628369503724,0,-0.5879188392183624,0.642794122406743,-0.491087726064782
0,-0.986721399941719,-0.12078289805580504,-0.10859268131092004,0,-0.2666505570480031,0.9567477130998738,-0.11632408995625626,0,-0.6002158590622606,0.7138253303033545,0.3608245007582762,0,-0.2769267063649896,0.5967605514099271,-0.7531191430197208,0,0.7011840328652147,0.5853495620478515,0.40707105309179387,0,-0.699386966650361,0.6799055301629794,-0.22042309528133477
0,-0.9824095546911394,-0.08338182482489162,-0.16708961110861492,0,-0.30349276893877886,0.8918859125755904,0.33530830313471144,0,-0.6666581101445949,0.40263365845080284,0.6272584007097551,0,-0.3164832933263161,0.8275595270371268,-0.4636631905331887,0,0.7301196083195894,0.1440652404458535,0.6679600018283489,0,-0.7482236782281323,0.6580287600257607,0.08461370053202873
0,-0.9680059529969453,-0.2269302841120596,-0.10708464462888967,0,-0.16926868663861078,0.66118683770542,0.7308762394336997,0,-0.5444032969494538,0.06028749122884143,0.836654330456669,0,-0.18662641080513512,0.9673361871098064,-0.17155548343860816,0,0.697714589425049,-0.21075461209065052,0.6846728015526503,0,-0.722891245623273,0.5530350990567512,0.4142226770862771
0,-0.8187250225072679,-0.5594822941185331,0.12910809458874797,0,0.05362026876713602,0.3495265888784052,0.9353908436821298,0,-0.2609903635366746,-0.18033573742911294,0.9483475375340479,0,0.10668365291546109,0.9885357119329872,0.10684448714723374,0,0.6043543308938315,-0.33614547665007183,0.7223309914835202,0,-0.5718382494691009,0.3602040638331538,0.7370576970917512
0,-0.30585320407165395,-0.6931678988823011,0.6526653671815285,0,0.26226707147099615,0.08107333160702734,0.9615836407323931,0,0.05929785049512546,-0.21984574668599427,0.9737307700749398,0,0.6015761885416647,0.6915756677111149,0.39978642449389074,0,0.468844390193878,-0.31782521507637695,0.8241189661968625,0,-0.215624516024898,0.1476282439699228,0.9652522829143608
0,0.05841392248283403,-0.13904519105539134,0.9885617069786484,0,0.41744640987706455,-0.0727319703021272,0.9057861532264226,0,0.27789477707312216,-0.06655806015846262,0.9583029361863723,0,0.6903104562431205,-0.3648900547076478,0.6247613320115646,0,0.31410875953667716,-0.21275863657418298,0.9252402119154921,0,0.311038169980435,0.14695007337194105,0.9389680147647219
0,-0.08469989519041833,0.31398795676393926,0.9456413118947051,0,0.5330401654459269,-0.08258075499000987,0.8420502365813212,0,0.31758912266037453,0.20111974936568852,0.9266541941754195,0,-0.15733550581378308,-0.8076292443026367,0.5683137710433148,0,0.15966674293573174,-0.06997378345044473,0.9846878697485437,0,0.5737639309360232,0.5567127848752652,0.6007210889533255
0,-0.3737566370112583,0.45301691733420996,0.8093711440983326,0,0.6261957341601222,0.08196426406198558,0.7753455758153538,0,0.16343876441035365,0.49453180024717136,0.8536545371708093,0,-0.4938316059233635,-0.7119330052260924,0.4992812244225657,0,0.006842877393503454,0.07373135174176829,0.9972546629619282,0,0.19832985783658078,0.9634258742741125,0.18021057757435738
0,-0.6774710080360329,0.4225221490965817,0.6020864280096735,0,0.6557292276159822,0.43172910792561553,0.6193780407956838,0,-0.14292215280247292,0.7288762069782978,0.6695615977184147,0,-0.5122919436413772,-0.7779150136045486,0.36387524797487214,0,-0.1633883523929702,0.2032058664649783,0.9654074902011731,0,-0.3374005213244097,0.9221361284918885,-0.18927717437664726
0,-0.9266054851247718,0.30408564932196913,0.22121074298759263,0,0.5039856869578264,0.8164690897920506,0.28173862489156204,0,-0.47539110803817697,0.8252583341064536,0.304880265655348,0,-0.3381443053792347,-0.940968906552399,-0.015360522164868174,0,-0.39165002810453203,0.3144928693423635,0.8646990751807975,0,-0.5179362387410835,0.6738475717347542,-0.5269454456259346
0,-0.8892161069191303,0.16701261436276044,-0.42591255186869226,0,0.17008712410758817,0.9807782321708576,-0.09562651051155947,0,-0.6293284012056434,0.7462756925849712,-0.21683716031337935,0,0.19899803532813432,-0.7179232903490337,-0.6670726580440541,0,-0.7407784448247605,0.35425458393915915,0.5707459902978752,0,-0.339948121261391,0.5498061355519298,-0.7629865583090593
0,-0.13870457535767633,0.09092514701127623,-0.9861509308497479,0,-0.17227553270074514,0.9418206682326726,-0.2886086792222926,0,-0.4406991577551776,0.5226517790551828,-0.7298077624993649,0,0.8145219847919608,0.2607742442023179,-0.5182188049957999,0,-0.9754481303579027,-0.1380081475060051,-0.1716237052485253,0,0.035648273205340426,0.6008299342950674,-0.7985816117795742
0,0.8430795877235533,-0.04742055376038489,-0.5356940356630285,0,-0.4058478671019806,0.8798818496575567,-0.24717491663186553,0,0.09698275320831443,0.1662572093733396,-0.9813016284056216,0,0.7648568917818369,0.5114014559757801,0.3917428824110013,0,-0.19354004332505573,-0.9798732055488194,-0.04889532367431886,0,0.5241096642142201,0.6656752398886949,-0.5312113843625587
0,0.8528090197184939,-0.40872782310047107,0.3250512921222299,0,-0.3822690487578061,0.9228922497016965,0.04626305007609927,0,0.6376676418443389,-0.45005276257050836,-0.6251659695211612,0,0.545378239839953,0.09756744698032387,0.8324921433856396,0,-0.011607909273114416,-0.8324516294198687,0.553976119628376,0,0.9431264513278168,0.3209132570468452,0.08675931222286688
0,0.2815938412292915,-0.7585820359684535,0.5875867623489222,0,0.5134393312013487,0.8128528689370152,0.27504593550237266,0,0.13494939893539887,-0.9907546517253197,0.013924073097169115,0,0.39335662708757296,-0.3912263251710157,0.8319931047908214,0,-0.2348533330450724,-0.5962031730869959,0.7677145878245496,0,0.6987580784208423,-0.5928969400541831,0.40026287151820444
0,-0.23506323918628497,-0.9047789330284731,0.3551342787328612,0,0.7967071194989994,-0.11664657790326649,-0.5930019743669193,0,-0.5290692037558203,-0.8226051734982925,-0.20834228128497193,0,0.2928566592518505,-0.7619189407239516,0.5776802791319232,0,-0.5861840041531774,-0.3037348038113048,0.7510881987014947,0,0.12441958988032827,-0.9922131179460506,-0.005735349142593516
0,-0.522744914007344,-0.8517894693443395,-0.034531938745787916,0,0.30901245641941727,-0.45758370683664595,-0.8337436374661411,0,-0.5560059597123398,-0.5923220787260353,-0.5831054174144057,0,0.2057927444467969,-0.9553287459828717,0.2121233919959065,0,-0.9123830703580361,0.24462091834934613,0.32820380745805716,0,-0.14872700391274335,-0.9079537712000622,-0.3917910510345073
0,-0.6080942535131615,-0.6860497809264462,-0.39944596247182934,0,0.11307072241137014,-0.5836040450833683,-0.8041276828313405,0,-0.35684594218428234,-0.5007476126547825,-0.788614482473628,0,0.10356934016626203,-0.985508004996763,-0.1343404773879589,0,-0.39290815133745915,0.550239463337913,-0.736790144884,0,-0.2122519929957584,-0.7747847677418576,-0.5955314056743978
0,-0.5208367042322994,-0.483487504384255,-0.7035403049070618,0,0.0782317380237596,-0.667265436309286,-0.7407000963094036,0,-0.1095934712747774,-0.5175247050521193,-0.8486209110755294,0,0.006930943867330067,-0.9305109817988547,-0.36619840902008244,0,0.33956977731933513,-0.20540595244868773,-0.9178784020936241,0,-0.16575610871358631,-0.7014360014567084,-0.693190052066931
0,-0.15370862832093554,-0.27776833818531005,-0.9482712733608816,0,0.11418892476447273,-0.7289875033496184,-0.6749356335393943,0,0.1326724658466487,-0.6075415902733428,-0.7831291291315293,0,-0.035025315400950975,-0.8603299201241909,-0.5085328463532784,0,0.3622947535907186,-0.6846467838640427,-0.6324565541325852,0,-0.030249932960035978,-0.6775090827060037,-0.7348920903144779
0,0.7868554224326971,-0.017738512184096906,-0.6168823950914442,0,0.17823439890151016,-0.7748173253464976,-0.6065398679321229,0,0.33871480501670487,-0.7229252532831255,-0.6022054126525469,0,-0.05081879850861343,-0.7863272886579047,-0.6157165296059944,0,0.22835430977870014,-0.874176545124662,-0.42856700428218114,0,0.18308223187788913,-0.6519567270381578,-0.7358215289323247
0,0.6550872619568437,0.2366396111492981,0.7175391094964749,0,0.25080567168772383,-0.8106034072594172,-0.5291678667386116,0,0.49088815447877143,-0.7997333225250034,-0.3456232524520663,0,-0.07781854308229622,-0.7227129032790528,-0.6867534738073855,0,0.11221536854231215,-0.9574760129822643,-0.26579577804491167,0,0.42308704993458457,-0.5790098650184441,-0.6969540331965757
0,0.19617998584755694,0.3108348812991322,0.9299973600610956,0,0.32800544559641404,-0.8393105078498144,-0.43355541637948003,0,0.6036854309764145,-0.7918903935965729,-0.09205164287662469,0,-0.12875458466392106,-0.6941983834847287,-0.7081743156138963,0,0.0628231424355884,-0.9948806756251385,-0.07915613711005218,0,0.6182894792190882,-0.4705515839616554,-0.629523094666245
0,0.3333963994347553,0.3300117024207987,0.8831416178106813,0,0.42143893131942983,-0.8535677099566299,-0.3062864536471235,0,0.7146345576690399,-0.6951788902545895,0.07761288249751519,0,-0.20956816096156827,-0.7346667883303593,-0.6452487086663105,0,0.14356998102562804,-0.9755228512458591,0.16656178206734543,0,0.7361960407865564,-0.382227795365624,-0.5584955702421763
0,0.7465137484007304,0.289878935184534,0.598905189813022,0,0.5644990238263482,-0.8148054072563288,-0.13203408804149158,0,0.8451678391054308,-0.5246025570504703,0.10238887086966397,0,-0.30209948740603076,-0.8912839682808166,-0.3381549757058346,0,0.4589334816732252,-0.7889729834066717,0.4085360337273413,0,0.7805060844490925,-0.36350467785785895,-0.5086006304689369
0,0.9666840668627864,0.24244798318064306,-0.08210292519309063,0,0.8066447696001674,-0.5880008896973036,0.05982615976203456,0,0.9549004244410778,-0.2871668090241229,-0.0755010145438621,0,0.039378117492334316,-0.6336728322746394,0.7725982820973633,0,0.9224597353773635,-0.25217612265989275,0.29236148817473767,0,0.7377569186228475,-0.4565184258134184,-0.4972983570422885
0,0.6017045552104233,0.29730960022905567,-0.7413222172919585,0,0.9981697168544423,0.04358912530144917,-0.041919023249320925,0,0.8708211833577578,-0.006262066475738781,-0.4915600198743259,0,0.5405903799271355,0.8411449070660684,0.015404104876638987,0,0.8679744312863287,0.335334414452207,-0.3662938944579474,0,0.4449105331556555,-0.7433241237285405,-0.4995236376492586
0,-0.029787514058013113,0.43522337181500603,-0.8998296064434761,0,0.5991669192336875,0.45498938473671974,-0.6587743640070651,0,0.3098485304044001,0.162219176449626,-0.936845145687503,0,0.17489404409597295,0.7469636750414654,-0.6414494068188883,0,0.28036546947306845,0.4779608607938228,-0.8324353542926765,0,-0.7833403517692183,-0.5435273893236803,0.3015889095193355
0,-0.5099159766734532,0.5620770926619115,-0.6511950849306918,0,0.09445066468425926,0.22284221306059276,-0.9702682206580606,0,-0.5064358354608118,-0.0064251541451168055,-0.8622537108968107,0,-0.06916748069178565,0.6431995786701752,-0.7625681357185471,0,-0.26905014021926,0.38436073344311095,-0.8831074955151668,0,0.4028542851883653,0.7324309647537809,0.5488654723839141
0,-0.7342878661252709,0.6299596293284204,-0.2529272525403211,0,-0.1705257814744767,-0.042625790086102296,-0.9844307999407854,0,-0.8759953468584375,-0.3315429982144294,-0.35030185928332236,0,-0.24362758644283333,0.6189395431233076,-0.7466990297853285,0,-0.6361145523667724,0.2637828017329379,-0.7251047577951356,0,0.8172782982317887,0.546905399862012,0.1815231854092591
0,-0.767333097860088,0.6307875648519884,0.1153558189106191,0,-0.294154298005164,-0.19536088281290445,-0.9355786308117838,0,-0.8233540787352686,-0.5621514356254725,0.07793474484604099,0,-0.37470614992138945,0.6415095874887833,-0.6693734013023376,0,-0.844768249727542,0.16668924969287935,-0.5085088969615869,0,0.8863420788623898,0.4602919821429889,0.05028926737162977
0,-0.7485432643934494,0.5650455117173264,0.3469964711914277,0,-0.2996758620322756,-0.2116225426435285,-0.9302743021068036,0,-0.6665181855031329,-0.7038110381399842,0.24577129813289653,0,-0.45788599751287934,0.695035064875219,-0.5543164005110579,0,-0.9264166011741318,0.10070553878508554,-0.36278185666730245,0,0.8548447892915088,0.513761060723701,0.072732102301623
0,-0.9009571196748122,0.39475349723119296,0.18012757959570946,0,0.00926961733274538,0.25399171994948894,-0.9671619721595782,0,-0.5543984509898735,-0.8094047417439392,-0.19366548887826138,0,-0.45926333644456446,0.7920770369624038,-0.40210838752090894,0,-0.7830933862757998,0.19682509231081993,-0.5899361248541558,0,0.4648207895976259,0.7603725257848553,0.4536245756012333
0,0.3634347613927645,0.6670499887616966,-0.6503533552649703,0,-0.12988555212282873,0.510295959008601,0.8501339762468266,0,0.9195793874594349,0.16295945401074727,0.3575163863492825,0,-0.4658620672537401,0.8842096791265502,-0.03384933726078686,0,0.31627204189727953,0.9227279928211746,0.2203294051603913,0,-0.6851516523114558,-0.6937498797010211,-0.22198720177005823
0,0.6564699065933804,0.7166544794244051,0.235485920721841,0,-0.44804932155281396,-0.2808908258611438,0.8487356180832214,0,0.6308256798547832,-0.1294143774566191,0.7650561290149018,0,-0.5363440598463336,0.8301953372934224,0.15202220694297608,0,0.09299286135082149,0.5008149755789939,0.8605444137135508,0,0.3710290933493837,-0.5866599687163596,-0.7198385186929456
0,0.6453483105952157,0.6460803719111413,0.4075606838779501,0,-0.3121515260332697,-0.4053659297026805,0.8592088732266343,0,0.6530115072538684,-0.13364657300877406,0.745462651590971,0,-0.4705235896115592,0.8191877429479449,0.32793138523615634,0,0.15337208058816124,0.3673746193174541,0.9173401190275142,0,0.6195811921884986,-0.40863024592812486,-0.6701794300028905
0,0.6654485925200293,0.5919828928601163,0.4546805749909269,0,-0.028721392899119888,-0.374191483470771,0.9269065839057773,0,0.721034105065143,-0.051750892598622034,0.6909643004151185,0,-0.32974283399341464,0.7782862163201799,0.5343596437943361,0,0.3127567105971643,0.319135350658418,0.8946149271818409,0,0.7618657235356362,-0.31501221119950373,-0.5659751991887286
0,0.6855744563650822,0.5427285702351481,0.4852147605238674,0,0.3530198219855958,-0.22780519541616,0.9074589788120802,0,0.7786391065944278,0.08052005508823214,0.6222842296012486,0,-0.08508837509517202,0.6584708330337766,0.7477808037570017,0,0.4933905930983755,0.29922144100629233,0.816720424554297,0,0.9161945035170236,-0.18569190358625462,-0.35511427550537533
0,0.6859324918609863,0.48621238911372466,0.5413816853955278,0,0.7204481110421259,0.0364080503021115,0.6925525057127666,0,0.7997923907190705,0.259468120324776,0.5413025275047231,0,0.33185692155263496,0.37687778432647995,0.8647740278817188,0,0.6656705795741049,0.2957515298517672,0.6851377321968297,0,0.9809713192413062,0.19344712800845199,0.016537215341549404
0,0.6262398792660109,0.4049002527400681,0.666242747763847,0,0.8860057793901072,0.36723795082504584,0.2830725107832798,0,0.7513749015053012,0.4893071286882822,0.4427350123976282,0,0.8569420657913062,-0.10124508904598858,0.5053708814538078,0,0.8080509022180816,0.3125319058583435,0.4993771593145764,0,0.5359439721248423,0.826442441312109,0.17250202880293142
0,0.34659208790031015,0.26738815223401613,0.8990981596298492,0,0.7392745741690693,0.6531781754005268,-0.16380285457701907,0,0.5702566357882249,0.7619929073782762,0.3068781165946798,0,0.8347056247899355,-0.28436619706234123,-0.4715955745258274,0,0.8909294897047598,0.3688485076995377,0.2649441879759589,0,-0.0521232125589147,0.9842759085162689,-0.1687723514886588
0,-0.5749072946370991,0.11510082244535028,0.8100823434969162,0,0.35206867785011126,0.8068583413165384,-0.47437038601160497,0,0.15678351079619723,0.9845707688079715,0.07771313885887529,0,0.27380127088221995,0.06641019172318481,-0.9594907766615431,0,0.855772773269053,0.5170137715779852,0.01870081629504754,0,-0.31966754202580827,0.8230779819510393,-0.46942017234305433
0,-0.8838892315067249,0.24189387025902018,-0.4002838767144678,0,-0.140623151302306,0.7882492136364264,-0.5990728724615764,0,-0.4275154376845825,0.8449209932012292,-0.3214639416625265,0,-0.11730713125840116,0.4022330016293706,-0.9079909962968526,0,0.45594102025692745,0.8878567454406955,-0.06187233325589265,0,-0.43714151159577064,0.6297850059461421,-0.6420888919185432
0,-0.40724304325721145,0.23140175545898925,-0.883519287446009,0,-0.606984196763557,0.48315001856958056,-0.6309803835584065,0,-0.6088228924835483,0.2913875097159625,-0.7378536472563482,0,-0.2823077008948273,0.6120525905503232,-0.7387110317411777,0,-0.9307708545561045,-0.048318980855453296,-0.3623960435738627,0,-0.4881487204445868,0.4118650422710526,-0.7694660575252016
0,-0.2637620071826862,0.0014701092529386943,-0.9645866691727318,0,-0.4836771019091493,0.052016728198906834,-0.8736994455052878,0,-0.3780189712963288,0.017318736007580667,-0.9256358456343214,0,0.1408570275961702,0.9391644819195571,-0.3132560832251178,0,-0.40047063720704384,-0.11292134480025033,-0.9093250456374151,0,-0.3527025683278137,0.1280852150696795,-0.926927762004957
0,-0.46343631641047145,-0.38289448982978247,-0.7991361525359018,0,-0.32564565992098665,0.40099140001086614,-0.8562480956428172,0,-0.2818055523860287,0.10299977988141217,-0.9539269762349663,0,-0.6962250462066862,0.6181613684540432,-0.36489341948783094,0,-0.5556619506322382,0.17059596822133902,-0.8137178947560388,0,0.2329360870844797,0.2942762632827868,-0.9268992718748309
0,-0.8332188281475736,-0.5434517231335315,-0.1020127886276013,0,-0.5284170183033228,0.569407270828611,-0.6297228078249498,0,-0.4266417079017318,0.27197686542056637,-0.8625574982311013,0,-0.6983043142934446,0.6607170554903506,-0.2753616843776977,0,-0.7480645552776733,0.3307682589322391,-0.5753188507429181,0,-0.04699219443720953,0.8094802693511103,-0.5852635536177093
0,-0.7941969830551054,-0.018406740878315175,0.607381547296596,0,-0.7211006407433013,0.5598335960010943,-0.40816689075436274,0,-0.6869749117474716,0.3561616787335399,-0.6334148160812632,0,-0.7485924054091545,0.6377272573194916,-0.1814203842887974,0,-0.8636083305608653,0.39880077436186623,-0.30844544696631704,0,-0.48007652756772934,0.7604699729448895,-0.4372778841054168
0,-0.4423791010336365,0.6008711919715773,0.6657736414332784,0,-0.863866661589864,0.460644597666418,-0.2038159602051012,0,-0.8988252987261345,0.3118716627356743,-0.3079758892386883,0,-0.8248908551284984,0.5555956134367279,-0.1042525369247229,0,-0.9160227228157185,0.39314716957159107,-0.07960951163726583,0,-0.7705570466226493,0.556470026916426,-0.31077797065399015
0,0.6484422658118677,0.7002432826273692,-0.2986335095799153,0,-0.9577502405903755,0.28612064195338677,-0.0291454095400903,0,-0.9805509063381188,0.19554695108054773,0.016772298667618837,0,-0.9268835240651111,0.3685117673595215,-0.07131626836986367,0,-0.9420384903254643,0.33016594787621395,0.05961484385890341,0,-0.9620704697185523,0.24446739769432071,-0.12106239201375035
0,-0.26201860227648893,0.09311935914407204,0.9605597519226343,0,-0.9968655059247263,0.034257547842511844,0.07131327725786454,0,-0.9577894113313841,0.08556323869647511,0.27444193507051884,0,-0.9749311902838302,-0.06043390768467109,-0.21414228217172526,0,-0.957777206899843,0.28416767003171495,0.04372135921814411,0,-0.9685303263961991,-0.18043159816866153,0.17144516684110608
0,-0.2633126641598867,0.43641055804330076,0.8603558948024693,0,-0.9691202684411004,-0.2465825827163597,0.0017132418331426726,0,-0.8901128735382867,0.023859294778861107,0.45511515731083885,0,-0.13902344348789322,-0.46675088664123665,-0.8733934348163993,0,-0.9009551253470816,0.433106218401689,-0.02643606802482231,0,-0.633216795159983,-0.5667263711511975,0.5271221021443848
0,-0.2673823859003524,0.5076221062086237,0.8190399605627041,0,-0.89419466694986,-0.33394285506491395,-0.2981577890136744,0,-0.8202781410487203,0.01828410949150062,0.5716725134705694,0,0.5801752971549281,0.710613846429301,-0.39802586076050944,0,-0.7731337297556428,0.6225991305105855,0.12097337972294442,0,-0.09268701435402109,-0.6154678584850821,0.7826930640691308
0,-0.3077111748982666,0.47055004387529037,0.8269803438121672,0,-0.848010548265292,0.04873781204416853,-0.5277335840250706,0,-0.7719723089002548,0.06226447476233173,0.6325993119453895,0,0.1894556367692228,0.9439228561706455,0.2704000800573462,0,-0.6603773151289913,0.656564747541928,0.3644510034946119,0,0.1791705178316717,-0.4122950667234716,0.8932584751881276
0,-0.3837593102771372,0.30474283089603355,0.8716998329660772,0,-0.7055605050944506,0.6760416503192462,-0.2124901425584102,0,-0.7602400752082227,0.1451977725371323,0.6332082081729922,0,-0.006330528886312839,0.6853070867239917,0.728226696358967,0,-0.5433194299913221,0.5709580739719807,0.6154761366292858,0,-0.038502067921148415,-0.4233372071383603,0.9051536885071443
0,-0.47042339722871995,-0.14053031826145057,0.871179118774736,0,-0.0024503770697216457,0.9646629420301244,0.26347562302042465,0,-0.7944393879958416,0.2543561119127569,0.5515152102466602,0,0.21773931829114546,-0.07518008587908778,0.9731071595447853,0,-0.3154238446963003,0.3444789618056288,0.8842183231930452,0,-0.5551594231437037,-0.8245143195259986,0.10942646750822957
0,-0.28133948860509883,-0.9485582700264691,0.1452077839367211,0,0.5425288866098577,0.8351583769024541,-0.09040405236230709,0,-0.8597137687828678,0.379313454151464,0.3420724181585577,0,0.8576424124216429,-0.4717168078835523,-0.20477486558593225,0,0.38051853392799384,-0.10586866773727352,0.9186933495616615,0,-0.1981512330939049,-0.09595984592534584,-0.9754628628468378
0,0.1698202197286063,0.02010318746778151,-0.9852699908273687,0,0.3680252996228397,0.8354127764550824,-0.408219146749794,0,-0.8307839661031949,0.556222238383752,-0.020367208773272204,0,0.45459987848959393,0.4750723850151854,-0.7534223115047962,0,0.9340493295589356,0.1593706924847221,-0.31961356718300155,0,0.02604238822143415,0.6148190312175423,-0.7882381320822069
0,-0.07247743025103132,0.8087755275895805,-0.5836344473010506,0,0.11638940195591284,0.9157543850498421,-0.38450931506834796,0,-0.5226136559177647,0.8479896537275069,-0.08825255701321653,0,0.042683957328247,0.8599325802281095,-0.5086197373765853,0,0.18267249513946654,0.7729258136149993,-0.6076318343924326,0,-0.05640271396461425,0.8976013294556501,-0.43718484330643864
0,-0.3705470398854306,0.9060220680143974,-0.2044967078049421,0,-0.05307495000464982,0.9811011448176405,-0.18607416080562808,0,-0.5805127996971492,0.7177050813752325,0.3845832881911903,0,-0.2304183057461152,0.946235045709401,-0.22703885713335004,0,-0.2399099901286099,0.8779933897948989,-0.41421106227737725,0,-0.2511881863052419,0.9639137706398203,-0.08817447380964057
0,-0.6551523403054162,0.7513259124918584,0.0792766309236989,0,-0.1648357417051587,0.9760872476290028,0.1417140193225367,0,-0.7662841787400888,0.26203515250088383,0.5866396988496996,0,-0.4692843571483432,0.8816735135471192,0.04923421214302225,0,-0.5103013553244861,0.812768979711317,-0.28106780742912774,0,-0.4911168365539361,0.8287209959843004,0.2683761607670168
0,-0.8810073052051678,0.3226292965242234,0.34602957272379653,0,-0.3197090425251998,0.7479200687960306,0.5817230430537892,0,-0.7089146330412658,-0.1370687122032669,0.6918469564830833,0,-0.7308419084027662,0.5941354289688682,0.3359660652003144,0,-0.8290779476930841,0.5066745222902175,-0.23645440387314393,0,-0.7001288363724362,0.42297986047205605,0.575245730201293
0,-0.7011081925783733,-0.48414778836903144,0.523496152150961,0,-0.703405523395294,0.17623389717761614,0.6885944257272071,0,-0.4569834147934364,-0.3706220020870927,0.8085823954135317,0,-0.893220364592908,-0.23017926826502128,0.38623164647332064,0,-0.38583199090320297,-0.8851470192976848,-0.26009311606441016,0,-0.7282037884230507,-0.24218466702726718,0.6411441566318831
0,0.32458457222734965,-0.9200655689408159,0.21937229615792656,0,-0.9717794796956,0.03795588389597401,0.23281751162707828,0,-0.08307435878571467,-0.41842098761824015,0.9044459785044758,0,-0.2736723289289234,-0.7289998813887564,-0.6274253974089654,0,0.8897008177571165,0.4565185875601158,0.004820175768086466,0,-0.46290779632797036,-0.8390649094112097,0.28580841466538565
0,0.9254765641872476,-0.2208926639705923,-0.30773293639801164,0,-0.9661582975276827,0.2470527190323904,0.07418286956644501,0,0.3749922601074575,-0.2807100920201563,0.8835058851516138,0,0.04907926755456261,0.15132269854462696,-0.9872652462238706,0,0.45940533298632497,0.8882027705047978,0.006525219638118944,0,-0.06627653566409591,-0.944374055111297,-0.3221258525064553
0,0.7068906705293146,0.4326191349333623,-0.5595947319338568,0,-0.9019607574629407,0.3765667702869873,0.21133920486390004,0,0.829611517877975,0.03068373447751215,0.5574972985071011,0,-0.10347397156475228,0.6152015899713767,-0.7815498326436433,0,0.25322596212192533,0.9667942647914918,-0.034430534031639475,0,0.14951009707643076,-0.5419366815039026,-0.827013521118448
0,0.24526217899199879,0.6857001264184056,-0.685318758086979,0,-0.7774735619674079,0.20356907692248197,0.5950583932377054,0,0.9035521449456335,0.35239168168509166,-0.24374910059997743,0,-0.36086284268528596,0.7315192951431989,-0.578495920125883,0,0.13739483385590362,0.982136349482782,-0.12857235571592848,0,-0.03970365697508644,-0.0009311350769336176,-0.9992110650959953
0,-0.24337442720977134,0.5382570521444197,-0.8068756000754487,0,-0.3828622824306703,-0.9135895425482219,-0.13700591388151154,0,0.17450060861396516,0.2839974249224265,-0.942812282604966,0,-0.6643558642033307,0.5040053669515474,-0.5519147359716733,0,0.03143521529955436,0.9170479374507584,-0.3975360457321833,0,-0.3950429319769156,0.14814759837447028,-0.9066385007217366
0,-0.4129270642390178,-0.10485910947880091,-0.9047075808117554,0,-0.6226208466676589,0.3041950233330502,-0.720977578759737,0,-0.6619546925447329,-0.045946869410018604,-0.748134259481162,0,-0.2868958432203948,0.215598726186781,-0.933385217586767,0,-0.09920188566676454,-0.9901581169849475,0.09872127049922572,0,-0.5119668378508315,0.09597196842479427,-0.8536271658151998
0,0.29671566976962555,-0.5257223701780562,-0.7972300802199634,0,-0.6299393222841406,0.6808343458336725,-0.3736857553793464,0,-0.9793787140151856,-0.18958242232672337,-0.06982721302395875,0,0.039762012113044365,0.6369884256879642,-0.7698472107712615,0,0.2080150621036278,0.8239276587206223,0.52713655454083,0,-0.5326062536102835,0.15650908380590609,-0.8317664848390166
0,0.7076400159604762,0.02692320015140366,-0.7060600180615417,0,-0.530105225357747,0.8435118295697088,-0.08646527293876508,0,-0.7396909099067005,-0.09733749271992315,0.6658699349815971,0,-0.024585869410842034,0.8420989261550907,-0.5387624092248421,0,0.25027125361163693,0.9384763284640586,0.2379631915407932,0,-0.6126608176961199,0.3202987157673491,-0.7225340511960034
0,0.42605463024437895,0.3571962516977823,-0.8311969019554752,0,-0.3254309095232394,0.9082223031295572,0.26311018837156386,0,0.17737858381822072,-0.1467670981015297,0.973137326854488,0,-0.1244816719386639,0.9216824666075533,-0.36743127806376447,0,0.4083492279113033,0.910687096651743,0.0624493399185402,0,-0.8216510002032169,0.4145085389684823,-0.3912445590513273
0,0.1414884622825689,0.14211967080330928,-0.9796851607591459,0,-0.08136426569961985,0.6228385783971749,0.7781079369389238,0,0.5255987409979715,-0.7361963707231526,0.4263342200614507,0,-0.22268087629776995,0.9512927366372017,-0.2132026185405817,0,0.7407117236166507,0.6718178308786482,-0.0026352628632684734,0,-0.9992337578647612,0.03658397651149057,-0.01391078021085378
0,0.22835855524302007,-0.3042835325818511,-0.9248047913191356,0,-0.33385752128387264,-0.0701570651673145,0.940009117875618,0,0.08823616400299737,-0.9609471830979966,0.2622878011994863,0,-0.33947781558589607,0.9388081721768144,-0.0582582919339142,0,0.9076571563740914,0.08246442626726666,0.4115314142119759,0,-0.9175946498883364,-0.38329319259645556,-0.10538684455622455
0,0.6025317901965147,-0.5045784918226326,-0.6183494055892517,0,-0.698068950718056,-0.17732092539887612,0.6937269127395004,0,-0.20524539406472705,-0.8914875395481577,0.4038864878224905,0,-0.4588065501977098,0.886679797809673,0.05740632066134846,0,0.36292916757906424,-0.08496952095765643,0.9279345881195472,0,-0.8543514952546368,-0.4459827192205861,-0.2668013056804223
0,0.9217258529439567,-0.31678110987427904,-0.2237659054493234,0,-0.7873661315349596,-0.05164128967390346,0.6143189335455068,0,-0.3256935455652754,-0.7354553586773771,0.5941625449065687,0,-0.5350603974839683,0.8249531435147812,0.18210623835931233,0,-0.0368454386611852,0.10627230953122171,0.9936541701602046,0,-0.8793954955618588,-0.3831644520078637,-0.2825748840626608
0,0.9856563015966304,0.10739253095089754,0.13018640258803027,0,-0.7414973934198732,0.04292620025408252,0.6695811802039241,0,-0.32800877371300846,-0.5406943880148555,0.7746352839475679,0,-0.5858077261441933,0.7284456611247245,0.355241082616204,0,-0.18971922830648397,0.24091389328787802,0.9518230457557062,0,-0.9432917639947004,-0.30322730082725924,-0.13510681704777577
0,0.7052254313439749,0.589082287742568,0.39451127899426036,0,-0.5948079878015073,0.08005063306863115,0.7998720858942594,0,-0.2102917276006885,-0.30936163046019227,0.9274010841603157,0,-0.5913111611537745,0.5615994716417169,0.5787548221369039,0,-0.2233392452664135,0.2972992521370014,0.9282956081995695,0,-0.940403605187683,-0.25641135523699177,0.22337026716986697
0,0.03768097382448866,0.8582112191477445,0.5119117575721234,0,-0.28929875588637144,0.04489312384063167,0.956185566338683,0,0.09646310831739346,-0.03040863882948174,0.9948719432260038,0,-0.4827089327437011,0.27825595541176423,0.8304009330000317,0,-0.15560801405980296,0.2970561995539799,0.9420954093227025,0,-0.5674973396862885,-0.3618744422512413,0.7395901956450871
0,-0.6896673183523397,0.550359260316765,0.4705992717591858,0,0.2874493960120943,-0.10101951735586231,0.9524536218868983,0,0.6766805666792127,0.2643214910426779,0.6871954307558187,0,-0.14013908835969718,-0.1417002148998375,0.979939837444653,0,0.09412104734099744,0.2593490431303967,0.9611864035007889,0,0.2617676852025513,-0.7026781207945708,0.6616049709156581
0,-0.867033258460997,-0.04287465478563127,0.4964021481616681,0,0.9028722420466396,-0.3002694234984282,0.30766863319746457,0,0.8563952209776785,0.2796174896667698,-0.434052168476379,0,0.4365404598266024,-0.5210790545254933,0.7334228288437691,0,0.6512731949119198,0.2733757990572895,0.7078904562706078,0,0.4906458681951286,-0.8672746320675939,-0.08426947605786905
0,-0.7002059848570933,-0.1702152921063984,0.6933529642998878,0,0.7344276714645696,-0.2557089168435925,-0.6286723671625843,0,0.05277649810698174,0.10059384837492576,-0.9935268083532955,0,0.8472503333894967,-0.5236681040384492,0.08909876196762066,0,0.8375018811939609,0.5025472744734557,-0.2145619628822356,0,0.21970928456907954,-0.8098938543825265,-0.5438747787014566
0,-0.6792381370793158,0.2988658781340707,0.6703094360250134,0,0.24786466590810294,-0.059895452780144964,-0.9669413850541955,0,-0.3823017013060653,0.14026267773012333,-0.9133300555738125,0,0.8575542140023051,-0.23049123936472607,-0.4598636304634246,0,0.30481668377244386,0.6105957135392408,-0.7309306833766627,0,-0.09028676228947216,-0.6749623100897173,-0.7323074357902126
0,-0.6909363282458164,0.7211537012192188,-0.050441347404795396,0,0.008336296612939234,0.11010101087032707,-0.9938854428776553,0,-0.39974029064602945,0.2437670543060619,-0.8836205765311111,0,0.6810788126288977,0.11921295511578563,-0.7224402551910936,0,-0.006291276049234283,0.5488900246974715,-0.835870899501401,0,-0.2968871579722284,-0.44033474933346417,-0.8473271646540126
0,-0.36403919956349085,0.45048294182776233,-0.8151935845572987,0,0.07438185799744275,0.28221488697362035,-0.9564633274576264,0,-0.12568310896011212,0.2848411773521745,-0.9502995631940213,0,0.3649059008830484,0.5699867042069093,-0.7361785384864707,0,-0.03786055224862777,0.4477485414771645,-0.8933576115915176,0,-0.08524507377397601,-0.06270939001035984,-0.994384638759971
0,0.11360826757471328,-0.05480425246315109,-0.9920129310904308,0,0.5231122959102023,0.5393020950388803,-0.6599293720954018,0,0.4361950493275195,0.18519058196814284,-0.8805897610649716,0,-0.6437344411719241,0.6336408229723165,-0.42907490804291515,0,0.15945175052823188,0.38956150128046274,-0.9070925950384526,0,0.769389353922813,-0.21673326245087418,-0.6008882716592466
0,0.5454291573384018,-0.3900426357232178,-0.741871806071107,0,0.6202318484760038,0.6416007639711973,0.4512880607855874,0,0.9528934967142697,0.06415092957957204,-0.29644332030546555,0,-0.876764176827972,-0.3212242163272456,-0.3579100181276229,0,0.43211549172132013,0.5167494314296246,-0.7390847224314688,0,0.7383088945297798,-0.6447025030494312,0.19813797924681792
0,0.8538711649442463,-0.4204674274649481,-0.30677544901403764,0,-0.05540528717597625,0.4452712639804394,0.8936798955029754,0,0.8985819294878759,0.22369045731196324,0.37750906652080674,0,-0.5949060620251012,-0.7617587064479514,-0.25653547613640193,0,0.39323797382674425,0.7611726449789828,-0.5157325862075578,0,0.5217864405206936,-0.5654418159211645,0.638760098391032
0,0.9811098686349683,-0.18699594922360488,0.04955744788665244,0,-0.3444691589967006,0.41239467860045903,0.8433692118889152,0,0.6445679987926699,0.5151764008595715,0.5649118258009747,0,-0.24669590443463424,-0.9688447232569728,0.02193246343431453,0,0.2034953753628556,0.8114107386472164,-0.5479071503584426,0,0.46833963957901903,-0.2531668734062859,0.8465013385746536
0,0.9762569799946673,0.0891293066235544,0.1974291663166721,0,-0.39214203738176845,0.5256956169867009,0.7548965099926265,0,0.5201563444250171,0.7367091055148162,0.4320845648781759,0,0.15260006928771255,-0.8986300698179556,0.4113115807661657,0,0.19236719025567164,0.6448404141589705,-0.739713258215929,0,0.4972792491251443,0.12873059504927087,0.8579870525175735
0,0.9410974509533407,0.2626480929946363,0.2129590736630048,0,-0.38279747379072376,0.7336328010590731,0.5614703975007573,0,0.5137404776284523,0.8437822146954194,0.15524914109193308,0,0.4035973184893507,-0.5309654627155665,0.7451072955698731,0,0.36979046767940554,0.26849596623686856,-0.889474522472666,0,0.5145650054383671,0.4755625706435331,0.7134865777161669
0,0.9290070663091142,0.3224661432557477,0.18155290469033203,0,-0.49198303719102726,0.8480870606503664,0.19672577023286472,0,0.5271169037611728,0.8280420467363692,-0.19103439116001875,0,0.37883521625854105,-0.15980824607548516,0.9115619580745027,0,0.5066334422426813,-0.257971013457667,-0.8226624529033497,0,0.46680174601484425,0.726019752734168,0.5049667796571479
0,0.9477549699292893,0.2992353545459198,0.11053831717603477,0,-0.7387828761588454,0.6700006369004966,-0.07279428856299673,0,0.4611124001661365,0.7235548774457591,-0.5136571753002942,0,0.2782816197199394,-0.06491950151447369,0.9583030827713952,0,0.44490631912245643,-0.6154137428921227,-0.6506337620077945,0,0.36823381541916456,0.862251093488864,0.34774546576354226
0,0.964891141132408,0.2611821808083675,-0.027730023302987267,0,-0.930811223318741,0.36439076828120437,-0.02845759187461954,0,0.3354098929560285,0.6320701403446075,-0.6985610505832498,0,0.40532904536948144,-0.17297871710512533,0.8976562417810785,0,0.42443365988818155,-0.6944478413052834,-0.5810320680137677,0,0.3286194731725667,0.8930501903586896,0.30736069910138636
0,0.9414314796552036,0.2844208678082119,-0.18113955688760436,0,-0.9492672941888249,0.10556444580760184,0.2962224703913611,0,0.2929139389760148,0.6105855237713195,-0.7357898766050393,0,0.753516762783443,-0.15066573215734502,0.639931500520057,0,0.5804475023532143,-0.588197087540281,-0.5631206648854633,0,0.46764756657760426,0.8394121169245953,0.2769351032899488
0,0.8945680286039458,0.3502495416218729,-0.27762078595328166,0,-0.4686422824381153,0.002636211875287368,0.8833840962447436,0,0.42383068864755047,0.6079528661022658,-0.6713872652639337,0,0.9704740803229424,0.10330793561671353,0.2179622211759471,0,0.8191855653132374,-0.27960304256394486,-0.5007565757645288,0,0.6935466039139381,0.7148589801217395,0.08927343803589984
0,0.8472575675306675,0.4181588372775965,-0.3275634306033945,0,0.9128783705845865,0.312176127070949,0.2630573059350622,0,0.7181622403875187,0.5331016647070329,-0.4472645878763153,0,0.9055415861234688,0.36162675144373463,-0.22185699998252045,0,0.881635913266194,0.25424147686136284,-0.3975919866931892,0,0.8331927623614037,0.5086061950538251,-0.21704736603203462
0,0.796245603522094,0.48187812181915657,-0.3657682525640772,0,0.2759758418624246,0.10723616593150326,-0.9551637238843597,0,0.9347801750705613,0.3194756924598163,0.1553103545240041,0,0.6644316884745792,0.44720747722732296,-0.5987787601967803,0,0.5270392561296519,0.7508390806876609,-0.39808327949112804,0,0.8435205420521312,0.19926220179153536,-0.4987661476817248
0,0.721801750387459,0.5434032346530481,-0.42862006218352006,0,-0.305042088448387,-0.21627307517374136,-0.9274563500402266,0,0.3984126410754877,0.2262607480167147,0.8888607547519305,0,0.3833592090376513,0.3076926363331239,-0.8708392264892517,0,-0.0052132251520622935,0.8186885899394991,-0.5742140846290595,0,0.7642252461420489,-0.2123992317816646,-0.608971542436659
0,0.6055342429739163,0.5689473804738978,-0.5564415143012746,0,-0.5525173292295,-0.4642238719500099,-0.6922577537397764,0,-0.340778780765632,0.5354607384076526,0.7727558606725806,0,0.18832426681124353,-0.01529570243641525,-0.9819877860834034,0,-0.3220171263779357,0.5491660219908918,-0.7711819828095028,0,0.7022194768530253,-0.6019475968535635,-0.3801932363555187
0,0.4755364831803292,0.5036780793610688,-0.7212305079068894,0,-0.667680612701025,-0.6606582606098751,-0.3431228090802452,0,-0.47866971685287313,0.8294718571890698,0.28783978234306906,0,0.17498106808515881,-0.35631907292845966,-0.9178335056420527,0,-0.4211697304171952,0.24685310942819727,-0.872742574042276,0,0.8373528104465059,-0.5336208557035297,0.11869731755844506
0,0.33248208867835927,0.4201056232055353,-0.8443736886350525,0,-0.657646540698053,-0.7068816607878601,0.26042147597631216,0,-0.30510506713648333,0.9431369770587339,-0.13192247917680736,0,0.30418911384590885,-0.4956195386916609,-0.8135295052330346,0,-0.4748689797555855,0.07895589846241129,-0.8765075117555369,0,0.9868850574463808,0.13887009192659452,0.08229812244123894
0,0.10478568605127625,0.41072453417308435,-0.9057181222803629,0,-0.016615076672446286,-0.05237217477168589,0.9984894063217961,0,-0.08406758675946027,0.8969199445706634,-0.43412815376084374,0,0.3041419247243089,-0.3540034452383801,-0.8844089836632992,0,-0.6151204684189318,0.18092575182035345,-0.7673934334227221,0,0.7047358533151872,0.4880582663759723,-0.5149237862773435
0,-0.21181012054543,0.5081223349903148,-0.8348342143914087,0,0.9392711493610351,0.33361133184464103,-0.08045611998378313,0,0.08837341019530003,0.7983543032323236,-0.5956681516422415,0,-0.2588436859514215,-0.16527534651060533,-0.951674317231941,0,-0.6559463177239891,0.6944935957991806,-0.2956570203094519,0,0.2391904306577167,0.389546162964911,-0.889405264657845
0,-0.4819541048201644,0.6740893374320381,-0.5597533439001771,0,0.7749473906570532,-0.3242126803009096,-0.5425335746715818,0,0.2515877564515533,0.7344051438051716,-0.6303591718664676,0,-0.8723360203995585,-0.2696652774427621,-0.407811850802768,0,-0.10167958788425857,0.8713914563763839,0.47993561147505176,0,-0.14047150569014125,0.20304544670483962,-0.9690409189820504
0,-0.5771154766220065,0.7984110592647384,-0.1716901484859062,0,0.6246777573301834,-0.6971395663646434,-0.35181546939531977,0,0.45084509035614956,0.7027344843543086,-0.5503661953654488,0,-0.9066464395768561,-0.3818040701082245,0.17949341394993987,0,0.26790441241760493,0.5170221971990091,0.8129669571456684,0,-0.38525224698859584,0.060393892984680404,-0.9208329294070627
0,-0.5404799143039003,0.8205940427101275,0.1857602737473706,0,0.5320711790635153,-0.8464001670469028,-0.022517052048071612,0,0.6748480484784087,0.6619021887094505,-0.32629067416419155,0,-0.7813241652632046,-0.391944807473327,0.4857075423240338,0,0.29037316263698004,0.23827479518945255,0.9267731914538866,0,-0.5157701180499281,-0.032678424511100736,-0.8561035602648991
0,-0.4667937397898721,0.7483962836450421,0.47117577093827157,0,0.4185866592517537,-0.8501980122414987,0.31929382812240586,0,0.8303592496605019,0.5513882976761444,0.08046403972615326,0,-0.6855762722796703,-0.36938976597946094,0.6273247768713986,0,0.17220933881687495,0.062337525907109274,0.9830859456263401,0,-0.5474727725957623,-0.09640575926075931,-0.8312517626132682
0,-0.4024410800146679,0.592549606372937,0.6978009322893637,0,0.24310645466585704,-0.7578764883937709,0.6054110009239377,0,0.7415410333072945,0.3144734700917903,0.5926409811428651,0,-0.6325091422635973,-0.349294587021157,0.691321543444646,0,0.002071161987431754,-0.06700596248019668,0.9977504253470026,0,-0.44317246112571973,-0.1502104157074668,-0.8837618461513048
0,-0.3549337929416096,0.3462298051018131,0.8684163314259141,0,0.0033477604619923107,-0.6236080127103673,0.7817300294752121,0,0.35194900375871496,-0.010654555109987257,0.9359585349836049,0,-0.6058658577594085,-0.3381353772681308,0.720132646837508,0,-0.17633985457389204,-0.1804420800082203,0.9676491675453278,0,0.057632361121699616,-0.24341244235545514,-0.9682091168017839
0,-0.31298460392231864,0.0006494630553648847,0.9497579775423469,0,-0.26463958380250896,-0.5091461553464972,0.8189847881253444,0,-0.09726736227137579,-0.29819393071975536,0.9495364342239168,0,-0.5877985382882804,-0.3202645776376,0.7429155259494654,0,-0.3291121924604583,-0.2910531939187046,0.8983168723137682,0,0.7122777929035542,-0.6484849807526267,0.2685657749503965
0,-0.25629821381886775,-0.41609263886484127,0.8724552375198115,0,-0.4933750066726069,-0.4685699680793191,0.7328187277935458,0,-0.3772845090012783,-0.502036245950754,0.7782133428689965,0,-0.5659595359478363,-0.20616363490053238,0.7982395375539286,0,-0.4193622670850163,-0.40291983194717546,0.8135053152678076,0,-0.36194332927969347,-0.7039465153435135,0.6111107345855215
0,-0.17156779038858005,-0.7962443862268553,0.5801373722691884,0,-0.6062799380178311,-0.5194146160452455,0.602190246845351,0,-0.44342866250931706,-0.6630410132343554,0.6031149442969866,0,-0.792598190333028,0.444790383940539,0.41707268315587037,0,-0.3760212824743438,-0.5096764784303005,0.7738461620123454,0,-0.5588562617150438,-0.7370820571970186,0.37998647304884126
0,-0.0793853352395163,-0.9884132271948464,0.12937256608407607,0,-0.5667926047427541,-0.5960939322408341,0.5686986611155194,0,-0.2661395163696129,-0.8168952720179966,0.5117146396002284,0,-0.8712760674343439,-0.4531868500480667,-0.18841362280805293,0,0.14145631375149625,-0.43579843739240814,0.8888587251448757,0,-0.4879664657397891,-0.8278033648979982,0.2768218152114661
0,-0.017536397121400826,-0.9529317338446758,-0.30267736190171335,0,-0.4606354180597017,-0.4779411133881618,0.747921990425638,0,0.3532729451669126,-0.8278115280972803,0.43580534664267395,0,-0.7417853932222399,-0.6639850977819373,-0.09422430857076265,0,0.29211249573970055,0.7460215685568733,-0.5984330447766616,0,-0.27567950230727106,-0.9267255131889819,0.2553049846991502
0,0.007700522946722098,-0.8015496815076657,-0.5978785913722843,0,-0.5168101385958176,0.13834988200464846,0.8448470813075414,0,0.9557352279376938,-0.09546944462194928,-0.2783087480164084,0,-0.682633900320101,-0.722630455479793,-0.10870226744108721,0,-0.5434781095503962,0.12068936523634541,-0.8307018848891433,0,0.11575826098303199,-0.9509521569658154,0.28686237148892063
0,0.008215602813149744,-0.6546868351652453,-0.755855575974492,0,-0.6096596352747873,0.7703304528322548,0.18683180284915835,0,0.37907207178642294,0.23563734748211781,-0.8948627854945921,0,-0.6837259935931423,-0.7218848809413416,-0.10677539207783338,0,-0.5662282030066248,-0.07188014561768728,-0.8211083161105291,0,0.7167512666101606,-0.656849583552909,0.23412869623158294
0,0.007428646102225252,-0.5974533481347729,-0.8018692611764325,0,-0.35463661688717824,0.7534150196018061,-0.5537135344212084,0,0.10789016095311986,0.09653449074704971,-0.9894649085570028,0,-0.819045718519932,-0.5643191294117796,0.10347961709486277,0,-0.5088708675786776,-0.09273808376367844,-0.8558329790032426,0,0.9627715165031612,-0.023104625384952702,-0.2693272791531226
0,0.09849264757004472,-0.7217224228308544,-0.6851393600996837,0,0.015126117017901263,0.5753902306807168,-0.8177391289532088,0,0.1436623740413888,-0.016088159011239757,-0.9894959794887602,0,-0.553296994212581,0.5112941402475257,0.6576022645519604,0,-0.488405699220288,-0.006571354709532997,-0.872591938002193,0,0.772770471384062,0.14019190718764046,-0.6190089076224561
0,0.6858385769007239,-0.7274508771602103,0.020992087881642942,0,0.3043243892747285,0.5422388255522508,-0.783175409570729,0,0.352741787138238,-0.033773798531503,-0.9351109892089149,0,0.4223885363793494,0.9035027945018435,-0.07259906791874786,0,-0.5479561638780054,0.32678200808459174,-0.770037376794336,0,0.7705454589123492,0.28698227616494215,-0.5691228943881508
0,0.5920011970847612,0.7496406885612352,0.2959280667723947,0,0.465589552054633,0.6819835002424408,-0.5640255973044443,0,0.7328556444166199,0.09782962023616408,-0.6733141687586476,0,0.4320655597382868,0.8574780844566301,-0.279375530003308,0,-0.10319626249339615,0.8498983429782571,-0.5167430096384538,0,0.6969499193508151,0.6466308392584188,-0.3100473635379687
0,-0.08873886767197627,0.9940879354576988,-0.06256668395995867,0,0.45646132252445387,0.8795182522933385,-0.1345016911495846,0,0.8136111117566003,-0.3169186387575643,0.48744182753867266,0,0.2148250050975652,0.9685620072319379,-0.12545060913232367,0,0.19396084126405563,0.8889879078925635,-0.41482489278844253,0,0.26586949914512165,0.954760465639744,0.13321359793842943
0,-0.5459931681835463,0.8279885072288065,-0.12777516266437125,0,0.26087268452668344,0.8671940038001505,0.42416977997130595,0,0.6400477350183605,-0.6102927731510328,-0.4667779214331893,0,-0.1722532502596228,0.961028214557286,0.21622578153363425,0,0.10305675428960555,0.9804832731954402,-0.1674271673870399,0,-0.4072103358303556,0.6717566481238297,0.6188075210389467
0,-0.9120101607188208,0.38865296268891497,-0.13109668698620744,0,-0.006631420410763106,0.5648951123970684,0.8251360713562579,0,0.9243136661781979,0.15294301069031835,-0.3496465100600892,0,-0.6074043762289074,0.5524570865569888,0.5708336809009571,0,-0.25700501148979144,0.944457856182997,0.2048115767317597,0,-0.5686690696385401,-0.21980873131049022,0.7926535251142899
0,-0.8875693365248546,-0.3215309699043556,-0.3299068175306383,0,-0.2299058178303199,0.15133639676643873,0.9613743339311291,0,0.6088420455849004,0.7897925045623921,0.07442555518810495,0,-0.73805433991452,-0.22342750691656407,0.6366756949078479,0,-0.7524011953845771,0.4917018839814873,0.4383168927533091,0,-0.007499109177182319,-0.7684671027128843,0.639845352729559
0,-0.30530973338251155,-0.6304910926783704,-0.7136294197657032,0,-0.3656823761725415,-0.26309887776793195,0.892779581013174,0,-0.16523836799681776,0.9378221983138146,0.3052635027178853,0,-0.40637793399275574,-0.8412637861685895,0.35655605007497654,0,-0.9434397344318336,-0.23140988361986262,0.23742563732300034,0,0.5840274121612695,-0.632955490109636,0.5082118941782855
0,0.20065574588369087,-0.34999851673966537,-0.9150072731535489,0,-0.3814445169892624,-0.6373420739808181,0.6695484756107337,0,-0.7993840549395327,0.5760033538422251,0.17089549166358567,0,0.11366655688661301,-0.9934213638052334,0.013925077410652248,0,-0.6778927692779473,-0.7040370125935008,-0.2116442256691505,0,0.8019669381963499,-0.2001126466741612,0.5628534078079603
0,0.43257279575501956,0.07832285168432028,-0.8981905740302122,0,-0.24511599378959514,-0.9134409614252377,0.3248749906950006,0,-0.9782867173726527,0.06611400648101681,-0.19642819746479248,0,0.5728306002318153,-0.8002646527176777,-0.17731776292496162,0,-0.2020923125143631,-0.7760519026161533,-0.5974128737049825,0,0.5982746543458142,0.14589741968315043,0.7878968085334496
0,0.48149450755964585,0.5287593032516662,-0.6989825737561037,0,0.043857860447863294,-0.9949067092831626,-0.09075862438514622,0,-0.7235807689952624,-0.2430505188139581,-0.6460319775711498,0,0.88678421289822,-0.442396928249168,-0.1337860890757522,0,0.3004135621426549,-0.513499095145834,-0.8037850278309311,0,0.009278886972812773,0.08505433703369343,0.9963331079555193
0,0.22352881808831243,0.9394194632930306,-0.2598575368741045,0,0.41246815242472845,-0.7709617770311836,-0.4852710187021789,0,-0.2640201518478598,-0.048408488700753746,-0.9633016026354061,0,0.9728462279758114,-0.0773614753215727,0.21814082343592892,0,0.6761928159850638,0.06992711968919363,-0.7333985775430456,0,-0.6611877985956511,-0.44758688436779387,0.6020769684435435
0,-0.44209671924065347,0.8873127362486538,0.13125013877165165,0,0.6782241343366645,-0.18921323909628054,-0.7100777237415462,0,-0.12232416755119918,0.5352909391489427,-0.8357633687222412,0,0.5833960200676316,-0.008761731287936222,0.8121405763992373,0,0.5631571801657158,0.7885638293569586,-0.24702444708507998,0,-0.7801643152501966,-0.509697341100757,-0.3627013395136697
0,-0.8588227306127925,0.4979400756271859,0.120329541124277,0,0.5739687244957751,0.585324797625124,-0.572673366401652,0,-0.44296338594895224,0.8128358579840489,-0.3782608976407351,0,-0.2766504505461468,-0.4500054577022835,0.8490934084367704,0,-0.16958445314584844,0.918665682877655,0.3567835146894474,0,-0.7150859934154884,0.00841042747246441,-0.6989858988067745
0,-0.971428341398318,0.22445032896472128,0.0771299381287253,0,0.017050236465347663,0.999815937092626,0.00879666823689172,0,-0.7862258893730254,0.6163838707824763,0.043815233866852175,0,-0.7606891126393912,-0.632126826855412,0.1475389734327963,0,-0.7452919147806177,0.39677277599602445,0.5358277017764655,0,-0.8206709955577185,0.3482486981247037,-0.4530143058499945
0,-0.9878710452805579,0.027811868690594623,0.15276549956136928,0,-0.4437749030107808,0.5759310069246049,0.6865619496597395,0,-0.9111016543183335,0.21509551786924025,0.3516073003948572,0,-0.8887506596697982,-0.3540304613429635,-0.29117811967554685,0,-0.8789517288688822,-0.13984204240601789,0.4559474328188682,0,-0.9346074687872475,0.3555088805977309,0.011059615872290807
0,-0.9243365328870476,-0.16283251594295958,0.34509063406884594,0,-0.22972474956797168,-0.11996491693324783,0.9658338149708424,0,-0.7802386419384519,-0.19497380751163745,0.5943171510317156,0,-0.9699643159431133,0.020590358470904426,-0.2423742208549582,0,-0.770237780749178,-0.5194319278631696,0.3700327464197351,0,-0.8512588114034167,0.1458191765699815,0.5040785690271854
0,-0.701489788368146,-0.33566043455596273,0.6286844593982868,0,0.3239887588719163,-0.3187357022074131,0.8907518376422147,0,-0.38997274922270914,-0.46598955925981955,0.7942134382673973,0,-0.9435739389773281,0.2830713211380171,0.171868696486553,0,-0.5042626687309388,-0.782447323888645,0.3653701496617495,0,-0.47957004290478733,-0.059288884052910135,0.8754983735998949
0,-0.2327272427928866,-0.3434915799235494,0.9098634870043113,0,0.7019234044368139,-0.029277279381226515,0.7116504585931681,0,0.1829786571851819,-0.39804266592693965,0.8989331716632123,0,-0.6477510316300243,0.4065614911018114,0.6443029993530301,0,-0.02194807828350012,-0.8794194831990437,0.4755414329262889,0,0.05556493002618514,-0.013528607851371659,0.9983634184608271
0,0.2864999422028543,0.08150665785329164,0.954606959875816,0,0.7413911529643116,0.45076378322068356,0.4971430076374657,0,0.5876159089272617,0.13358844967619923,0.798036133072117,0,-0.23755714605602263,0.5982155580538072,0.7653134968495521,0,0.598372365748823,-0.46119377901667996,0.6551723514499604,0,0.4092462587135031,0.38430875995153435,0.8275411027577508
0,0.15669385779077322,0.7111509659259304,0.6853548997368163,0,0.4450001238611953,0.8806538834179837,0.16255346008112298,0,0.3840623162083647,0.7605950654677212,0.5234417672051203,0,-0.413909779829637,0.8245616810287192,0.3857158647767478,0,0.6049614348388904,0.34577356671033743,0.7172602755778982,0,0.17031862142542634,0.8780606980170873,0.4472146887049751
0,-0.5104254237496539,0.6459704828040495,0.5676160869248594,0,-0.17129794339834326,0.9012088757675433,-0.3980949344381298,0,-0.24598893972044544,0.9132075695035149,0.32487132304451566,0,-0.9701616183919146,0.07968155251552307,0.2289918871661117,0,0.26638678149827966,0.5306206640172478,0.8046612912032508,0,-0.6182375178777212,0.7706670259499147,0.15444968954940658
0,-0.701337960616806,-0.0198259470710039,0.7125531536809007,0,-0.7009566496334522,-0.012383157463909514,-0.7130963698868967,0,-0.7598178348838073,0.5357310230256933,0.3683329048026087,0,-0.6342010557304522,-0.65225739965079,0.4151497386620513,0,0.306981611943702,0.16679297759660028,0.9369858016815976,0,-0.9669448759157042,-0.06687778350773123,0.24605887306385954
0,-0.253208788428762,-0.5653081555977278,0.7850554112144784,0,-0.5599513392384932,-0.8136004992539477,-0.15655262788834057,0,-0.7224438289599889,-0.06662866004406884,0.6882118392314694,0,-0.17523597095549434,-0.8670053071368559,0.4664698831433937,0,0.6132346643116898,-0.468620802804542,0.6358756086416238,0,-0.5432315249818728,-0.6679046911949964,0.5087266788223178
0,0.4048127893030161,-0.6665460139077605,0.625973655164806,0,-0.36561850535682333,-0.8483286039219678,0.3829643433904094,0,0.020910602082624862,-0.055716137168587476,0.9982276587930998,0,0.14934819547299688,-0.8901355585207685,0.43052735565336475,0,0.5572121417712564,-0.8167034748007321,-0.1500335406204196,0,0.02234382876408869,-0.7125355311179046,0.7012801652768221
0,0.8925660870068055,-0.350971610064474,0.2830984091338387,0,-0.3536659454434209,-0.6812184871565985,0.6409850012205328,0,0.155561052260417,0.6680610726566705,0.7276641823124529,0,0.36837307873515734,-0.855681083616482,0.36347098646811504,0,0.11138387345279534,-0.7206555189830118,-0.6842874072303082,0,0.3864319683394611,-0.43237158892721644,0.8146932815077363
0,0.9637295626153792,0.24026450325931778,-0.1161821785590323,0,-0.4515908118145286,-0.5058523804077754,0.7349687802352439,0,-0.2984469521318286,0.8459623467722444,0.4419017137405321,0,0.5186388759854279,-0.8078106637523628,0.28009935352395715,0,-0.3798873373554185,-0.46506962322891754,-0.7996223211408766,0,0.47258027811835907,-0.0200591501283258,0.8810593119817212
