0,-0.6768490867376685,-0.6395603213739119,0.36446935276711895,0,0.10829175592396141,-0.24034343415194326,0.9646283892043378,0,-0.34690337317082975,-0.3908492570378657,0.8525813204355631,0,0.9265872083669261,-0.3756986730231846,-0.01693081154006079,0,-0.03275644114819726,-0.7145862191437099,0.6987800447731767,0,-0.49080013212560125,0.27241907581139224,0.8275887127308826
0,0.6156704017332013,-0.03599630669705475,0.7871811877413295,0,0.7098127537911506,-0.4772055703096044,0.518112630825488,0,0.7097383115126761,-0.38424289606579715,0.5904480722249033,0,0.6808473050423005,-0.6270472342894801,0.3784953278265805,0,0.6080840483646033,-0.5023080762644434,0.6147522969814988,0,0.803353427235158,-0.3813056936980138,0.4574158271234194
0,0.47509761135634737,-0.7122146147585824,-0.516751973588662,0,0.8149234074141746,-0.5768952255644177,0.05560340609576586,0,0.7927910434371344,-0.5912741543923323,-0.1479095527458999,0,0.668853824531028,-0.6146872190289474,0.4180839439307319,0,0.947021347192522,-0.3157606142980449,-0.058700957571252294,0,0.6750608256452438,-0.7376913481049383,-0.010215508322175253
0,0.07294114006276749,-0.84861710704506,-0.5239547649528696,0,0.8194669766915076,-0.5018119392918587,-0.2768729883831645,0,0.6076570864021379,-0.6172568594522655,-0.49974677067930223,0,0.7902114576525492,-0.43529259531662995,0.4313771072474128,0,0.7252815200087526,-0.13077872848512734,-0.6759168890548649,0,0.6045793451443529,-0.7717724470749827,-0.19710683742762133
0,-0.06894323897051516,-0.8907378070579155,-0.4492582652304911,0,0.8061384267417211,-0.28790127798819853,-0.5169658509642052,0,0.47397629066517283,-0.5479791833069999,-0.6892498027199405,0,0.86564848024946,-0.08673035379475406,0.49308270540796423,0,0.29622595668771096,0.06405045238922064,-0.9529678494750946,0,0.6428518373713894,-0.705679608792489,-0.2979224813986154
0,-0.10953477396273256,-0.920408955721268,-0.3752991973359627,0,0.7588577993676711,0.08505053286830946,-0.6456789040983698,0,0.4002548886255384,-0.390047027742266,-0.829252277826707,0,0.7247982766942774,0.3002518029649954,0.6200937936451832,0,-0.13167729970517028,0.28428886172455287,-0.9496530586702245,0,0.7672932312082544,-0.5377003050320748,-0.34948459094845624
0,-0.05703336563347618,-0.9429779903125741,-0.3279324701681383,0,0.5790690673236775,0.6405199403439313,-0.5043939148033932,0,0.35587607531543886,-0.024479277838734586,-0.9342124940154536,0,0.4051841079715809,0.4819491967890699,0.7768853263909962,0,-0.5198123509786413,0.5434768698779401,-0.6591115320472967,0,0.9385619719324095,-0.15079773514985556,-0.3104214359802184
0,0.22572332451261973,-0.8215807999356927,-0.5235016427366758,0,0.027431318520256674,0.9546013916192687,0.2966204744834651,0,-0.005274372322598041,0.8579702001760017,-0.5136723825616424,0,0.14900748590205687,0.33402737535653404,0.930710740057067,0,-0.7895056290249817,0.5772193335865942,0.208563426016443,0,0.7508388576158149,0.6544851309130492,0.08882692895685997
0,-0.9181065400414382,-0.04933817559800414,-0.39325071590754895,0,-0.49844644464987753,-0.2487380309804692,0.8304700679493848,0,-0.8164694433074611,-0.17244440507783293,0.5510359110825329,0,0.2949261024384566,-0.3646626921211838,0.8831985705804736,0,-0.5743399169958469,-0.6387301231952539,0.5120131731393047,0,-0.562124458111577,0.3123036824299828,0.7658214566943383
0,-0.8499261841007612,-0.49880019804438036,0.16977586404081751,0,-0.34641048840846156,-0.9305359201502624,-0.1187546834053953,0,-0.5954622659372829,-0.7973249657811097,0.09847633617772686,0,-0.2961914374563778,-0.10974002886293562,-0.9488033296962478,0,-0.6779149953503734,-0.7091445013328284,-0.19376618721675185,0,-0.31088151336085795,-0.8100799130332929,0.49711489532142905
0,-0.7809950267670485,-0.5023388564087125,0.3710827960268763,0,-0.4045879069953811,-0.5197959195633078,-0.7524100129041561,0,-0.5157082061347682,-0.8489361502883863,-0.11555284011565359,0,-0.8820548499172994,0.43567822356567015,-0.17934248589788293,0,-0.8568222628066573,-0.4560307436452497,-0.24060667241213454,0,0.5285486301131828,-0.7627413457953761,0.3726418991736388
0,-0.7524556201100757,-0.3843976010229324,0.534835511248623,0,-0.7223185320939771,-0.07472051059799836,-0.6875120242509044,0,-0.5251120441855657,-0.8378378042633494,-0.14928213154435482,0,-0.9415520720324715,0.3117630747830305,0.12760674297696842,0,-0.9463344923550174,-0.3171873291130945,-0.06199376443863446,0,0.8600554360183412,0.29351629763599574,0.4173162230220131
0,-0.7171177162449628,-0.20366298805978642,0.6665309957850185,0,-0.9487514713754515,-0.03222850511722666,-0.3143755222990888,0,-0.5207594192921307,-0.8528832800291573,-0.037413070780531375,0,-0.9542228167273001,0.16455636416200609,0.2497599228275,0,-0.9435568187095786,-0.2845739486365457,0.16946444353923854,0,-0.12136216566718311,0.9769139700948136,0.17581330944544774
0,-0.6499631642002264,-0.0027484781983093997,0.7599607430982361,0,-0.972121297150296,-0.22874932203922696,-0.0515163206510337,0,-0.3270925791735984,-0.9392125293130048,0.10435645371049994,0,-0.9504961250835351,0.02902770468571507,0.30937761483640586,0,-0.861970115367926,-0.3415641481030849,0.37462174649000096,0,-0.7710674998452715,0.6280489639103938,-0.10492573379987996
0,-0.5330909665348479,0.16690224034492532,0.8294321331891996,0,-0.9016412558448947,-0.43161549360567114,0.02740641235137731,0,-0.03630098097316691,-0.998146767062946,-0.04883922790313699,0,-0.9348311656073063,-0.09651209249450579,0.34172519341075414,0,-0.7281911160903274,-0.472040999552482,0.49690541674308303,0,-0.9253649941431966,0.2918178907008492,-0.24195443017491747
0,-0.33204349859502946,0.24280912175215358,0.9114772873937783,0,-0.8269820265120749,-0.5619522135915361,-0.01761923566884923,0,0.030693615810218084,-0.9286081694440799,-0.3697901696776292,0,-0.9069923316551985,-0.21798600626032316,0.36034290806583236,0,-0.5752226996672205,-0.6550650883178764,0.48990670117344526,0,-0.9439551493355772,0.1394457996376524,-0.2991714307989044
0,0.07142408335623074,0.12160240925891969,0.9900057850230717,0,-0.7838102597979676,-0.6009346408343004,-0.15658554876103029,0,-0.03829322706666525,-0.7390944861006672,-0.6725124306482456,0,-0.8612376109934153,-0.34551434153047467,0.3726789733901242,0,-0.42199314886703837,-0.8565959096669399,0.29692630373739154,0,-0.9351356758510712,0.173848359211871,-0.3087037669836578
0,0.7923218322318737,-0.2344337939137182,0.5632645119656902,0,-0.7530610948343442,-0.4866070438149037,-0.4428459916908122,0,-0.023897898990868194,-0.34679845406620413,-0.937635175684612,0,-0.7694688324075878,-0.5073592379153297,0.38794886216520774,0,-0.21727102619528973,-0.9574632146310533,-0.1898881086440522,0,-0.7981798917948464,0.5238653784650711,-0.2974456682824867
0,0.8423173458291692,-0.0487411923914789,-0.5367734951351089,0,-0.23283175905412581,0.028484320671783987,-0.9720997970638756,0,0.37047996519964843,0.10855821788768544,-0.9224747740262154,0,-0.30554853290198664,-0.8601580848017805,0.40837257889282536,0,0.300107662614518,-0.4267276810009919,-0.8531347356118882,0,0.2670189851966675,0.7609872215059443,-0.5912692366842743
0,0.381205868580163,0.42381463681921216,-0.8216223216161079,0,0.9247713293490922,-0.36799896921584085,-0.0968232775214272,0,0.7984390765151209,0.10638479262532759,-0.5926021574308915,0,-0.9947255207599595,0.09818237143563267,-0.029687712746236553,0,0.7886073807574486,0.5947312572130435,-0.15618300390461548,0,0.4413228259334244,-0.3048970196744468,-0.8439620671000423
0,0.018025370651762015,0.7189815680917773,-0.6947953589058834,0,0.4341980513976109,-0.858585790490646,0.27258483547341683,0,0.9437069930340025,-0.049647984945639365,-0.32703545509555815,0,-0.9335943177147082,-0.3348465131906455,0.1275909970761083,0,0.44220000575711993,0.44407256084173224,0.7792680640292332,0,0.11386858017769842,-0.5725858917462103,-0.8118986039041526
0,-0.4447356993236543,0.7867550300658721,-0.42804985739180973,0,0.11015234458360072,-0.9428896708358767,0.3143652805475625,0,0.9976002835359552,-0.024370737591394177,-0.06480541210603882,0,-0.8802012693588008,-0.4643156913493046,0.0982683274813054,0,-0.12259952123030965,0.10003238999774176,0.9874020854471791,0,-0.08413524890121327,-0.6090916997263511,-0.7886244741426655
0,-0.9238728377784552,0.24489031602798444,-0.2940879336710333,0,-0.21653148263235847,-0.8519258729548953,0.47679809565378106,0,0.6093293615995755,0.7311115320306204,0.30690985129919285,0,-0.8592606500397134,-0.5110921307020365,0.02135343597133079,0,-0.7826822215858042,-0.028990669993115992,0.6217459940094995,0,-0.30390174439351225,-0.6379009926101388,-0.7076199922144513
0,-0.7139778133874283,-0.379166193788577,-0.5886159014827835,0,-0.23614851727815175,0.5153180944687619,0.8238210602433121,0,-0.2911302795211778,0.030459874042517883,-0.9561983875845194,0,-0.8860914604990844,-0.45841822216121725,-0.06851756870429929,0,-0.9060827553249678,0.10437957511323843,-0.41002310276604437,0,-0.24671858900445037,-0.8735873567708402,-0.4194938234703697
0,-0.3134056877720995,-0.4706175168027558,-0.8248005987816118,0,0.9101600640117034,-0.19286465243235681,-0.3666222629906132,0,0.18818103667735936,-0.44057499288938307,-0.8777707975750585,0,-0.965722116889807,-0.25762463999474705,-0.03178581157445556,0,-0.08828644324398979,0.14161120270438282,-0.9859775713513691,0,0.020881293020240325,-0.8706766684504742,-0.49141236311043884
0,-0.028029518847547535,-0.39434631883032467,-0.9185343362651975,0,0.7004436619245152,-0.629927252299211,-0.3355150269072034,0,0.3835825929917855,-0.5253604494586198,-0.7595135235783068,0,-0.9354452209238209,-0.12520664413676766,0.3305533768013762,0,0.5451001391903132,1.4276150269042356e-05,-0.8383709429905669,0,0.10299920438841946,-0.8195288116411101,-0.5637053226513498
0,0.22862637759906948,-0.2888432701088278,-0.9296771185625503,0,0.6171084034563036,-0.7443300193936915,-0.2552450599188927,0,0.5257124389297032,-0.5541932973276014,-0.6453651840250945,0,-0.7097942470990317,-0.32919486667630243,0.6227542585475351,0,0.8407531402910728,-0.15926847923417767,-0.5174627606051783,0,0.17860349665329958,-0.7896114438040547,-0.5870388051882865
0,0.6076986196086811,-0.14368596904537292,-0.781061284423441,0,0.5991392551190021,-0.7949630550400143,-0.09521498882473435,0,0.7041967250091523,-0.5710294099531743,-0.42193884089393097,0,-0.4979337101343867,-0.573352500800418,0.650637326117793,0,0.9444509554274255,-0.32201878139646944,-0.06569853286151911,0,0.3253559947562183,-0.7726506372316791,-0.5451187663818519
0,0.8763757300815572,-0.06709078425311563,0.47693228700971757,0,0.4691809734976094,-0.785071069633008,0.4043916786150778,0,0.7146540278087102,-0.5746998691985324,0.39873510113855937,0,-0.3452338693257169,-0.7295123575266591,0.5904449980195359,0,0.5146334118355729,-0.5311717068574868,0.6730594841888655,0,0.6961358959195428,-0.7160407551468047,-0.05177307583183775
0,-0.8046461862405252,-0.5905214003413658,0.061878838931013425,0,-0.94686057071905,-0.2608243669996631,0.18821718624190467,0,-0.8923306265502388,-0.4419212339686755,0.09193299673164872,0,-0.1962744737749654,-0.7898607190349497,0.5810304428082513,0,-0.8387225439632352,-0.48702718041549575,0.24361654250968096,0,-0.9066811602356075,-0.400197039316384,-0.13331017739172446
0,-0.6452463586495231,-0.49608711441775344,-0.580994588234863,0,-0.47852547021028063,-0.3661942808995331,-0.7980696229004732,0,-0.5775811234254911,-0.43190299686583516,-0.6927191690438902,0,0.18283169922284298,-0.8744012555237631,0.44943855430720986,0,-0.6720516851277397,-0.3021090734891288,-0.6760744339438561,0,-0.48764348255465484,-0.5435113807594005,-0.6832270580904842
0,-0.5081142532133529,-0.4143038743015623,-0.7550974807401704,0,-0.2157232583950833,-0.4244662999764649,-0.8793701359334976,0,-0.36503239228622925,-0.412103134210044,-0.8348187583877421,0,0.32155683121435347,-0.9303200892277292,0.1763681827277644,0,-0.37805810203900114,-0.24648117980838108,-0.8923671326774293,0,-0.33884895921436875,-0.5417848775457081,-0.7691882274853933
0,-0.4418091797001651,-0.34469056462062647,-0.828246982121988,0,-0.13264006229811415,-0.40320357800162054,-0.905446568583836,0,-0.2802262829561451,-0.3686251578972666,-0.8863344308475203,0,0.44623895879781833,-0.8943609613966308,-0.031452541721348565,0,-0.24970068116249666,-0.20505401566711992,-0.9463627319827074,0,-0.28088301508060604,-0.5025342471847832,-0.8176576681262467
0,-0.4155865048409554,-0.2649711933478314,-0.8701023639146744,0,-0.11544478802243563,-0.3315887635268095,-0.9363340177635417,0,-0.2544173854005708,-0.2956146607522533,-0.9208060416582136,0,0.5844007484366993,-0.7754005011405962,-0.23922756542158294,0,-0.21238738598576,-0.14081527980803324,-0.9669863780047375,0,-0.2611318426291481,-0.43134681952397635,-0.8635682266339214
0,-0.4091641150399219,-0.15205873936485068,-0.8997015431499326,0,-0.13081901017299222,-0.20151511900142666,-0.9707100717470687,0,-0.2589659375785324,-0.17603801663151583,-0.9497090395876592,0,0.7258531250584462,-0.526736048053677,-0.44236452900711004,0,-0.22349280976908156,-0.032877889860842495,-0.9741509166139605,0,-0.26146555689488055,-0.3108334013793929,-0.9137933897465922
0,-0.39279784374249493,0.023454504748333944,-0.9193256986282159,0,-0.1560413772708534,0.023361258292418884,-0.9874742225447763,0,-0.26675818841437793,0.023637785561669584,-0.963473572033826,0,0.8473051525215851,0.0009071430039026569,-0.5311055974116105,0,-0.25425897524745883,0.14500948205631045,-0.9562032334288942,0,-0.2559748170142046,-0.0979945630859082,-0.9617036750788397
0,-0.3002602922577806,0.279973423712714,-0.9118435386116707,0,-0.1189149503294101,0.4082834911478416,-0.9050766958906213,0,-0.2065373218204892,0.34620309902677776,-0.915142474655982,0,0.3486688085219045,0.7568360401345139,0.5528374718824912,0,-0.2611089820606211,0.4261520790408813,-0.8661503939942535,0,-0.1407305985464708,0.2618954333780498,-0.9547804358115407
0,-0.04848890762510096,0.5468790818633881,-0.8358062548566996,0,0.267658928036924,0.8306338152889977,-0.4882685358904138,0,0.0968270162378834,0.7114103337044747,-0.69607461239795,0,-0.17960233038211476,-0.9709096688929205,-0.1583585102593271,0,-0.14588341665352536,0.8023135793565497,-0.5788013036660986,0,0.2992618536195947,0.5555376908758194,-0.7757707244956639
0,0.27292515163889486,0.6707007344788899,-0.689690065444156,0,0.9585910708190749,0.27642078435172507,-0.06851794600187833,0,0.6377224328577306,0.6790886379684703,-0.3635226546064839,0,0.037306329486953525,-0.47768121796121904,-0.8777407884946996,0,0.1836952478050784,0.974854364882887,0.12615475893763797,0,0.6843124416050801,0.3419166861252558,-0.6440570331994033
0,0.38510881468365304,0.68271575594649,-0.6209592558577128,0,0.6578376547155228,-0.48869037491632994,-0.5730892927829987,0,0.9024851557950768,0.278965388548053,-0.32817503799309533,0,-0.0817771262764706,0.05922013597954698,-0.9948896808754859,0,-0.12090172824618146,0.4264611537821622,0.8963892326561458,0,0.5817725653073608,0.15786818462032287,-0.7978836497512505
0,0.2892178536002635,0.49099361113990414,-0.8217531910364896,0,-0.7078860868108264,-0.4116190374689905,-0.5739922090871594,0,0.6942181923675126,-0.29150912719984856,-0.6580908221098101,0,-0.3465256711767759,0.494688065622803,-0.796996660561294,0,0.08263379402537473,0.9827367773206633,0.16552970303353043,0,-0.019604563294997265,0.026925900214057195,-0.9994451745822154
0,0.362949697268171,0.09293593772065284,-0.9271625686647008,0,-0.23273929260785098,-0.6909613725769821,0.6844010544139526,0,0.5978775574681091,-0.7150944457536169,-0.36219105445647803,0,-0.6379843862097786,0.7100866045443391,-0.2979143115045387,0,0.9109066090693564,0.3795011462379851,0.16195070101059192,0,-0.3979758523109398,-0.5999539264845364,-0.6940248605584446
0,0.5139518133833557,-0.17775058808181599,-0.8392009663701113,0,0.24953856523544135,-0.8946830189234702,0.3705034414283121,0,0.5805187914788279,-0.7653970436022544,-0.2777864258470702,0,-0.7848021697823256,0.48674419469958313,0.38362174499265317,0,0.9614959884314843,-0.21164702841815222,0.17530259436736423,0,-0.1290546126899561,-0.8733392948654427,-0.4697056344002877
0,0.6978991018384165,-0.3543389065584803,-0.6223992150959639,0,0.3026026842216687,-0.943255653632027,0.13674935975374297,0,0.5505743874701551,-0.8101213351428872,-0.20142310246883094,0,-0.6439695646286685,-0.2471026654680189,0.7240465955658957,0,0.780358419303657,-0.5892114758646452,0.2094530356220799,0,0.10024678207536362,-0.9078764831734276,-0.40707600516879366
0,0.9153152033894357,-0.4014486636485584,-0.03220324360902865,0,0.2641752774949322,-0.962059981517576,0.06820567954999822,0,0.542150981129056,-0.8402488932365636,0.007356023078533489,0,-0.492671354565952,-0.8141618799522828,0.30727084082729766,0,0.4634266676417522,-0.8076721210020641,0.36455653700693424,0,0.3431748038963779,-0.8729086903899581,-0.3467873587839831
0,0.1448806188870974,0.37843062139526457,0.9142209093327968,0,0.2485785717352339,-0.9386122921922568,0.2391979486109127,0,0.5610150777199013,-0.572277009619066,0.5981313458032377,0,-0.6236751715252461,-0.7742473302897042,-0.10756557052431187,0,-0.05036404017931971,-0.6952647065915906,0.7169870648937298,0,0.8212867967898095,-0.4871254138996144,-0.29697950863967576
0,-0.7638268952853642,0.6392711466281483,-0.08888686701337702,0,0.7075604580945115,-0.3428177483272965,0.6179273335699655,0,0.16220487062666636,0.9291090528238994,0.33233409079669046,0,-0.7898640361183726,-0.609449264629844,-0.06845727345532311,0,-0.5094966771391444,0.248832593681917,0.8237083684810423,0,0.2130490560710011,0.34831266938166955,-0.9128463091098475
0,-0.7413833323722483,0.4198309301298413,-0.5235386753497138,0,0.7963767046387775,0.2466151730095798,-0.552236453659242,0,-0.1427929335458027,0.6535836941999189,-0.7432620889063097,0,-0.7635680025694157,-0.6154293040890922,0.1954755153991632,0,-0.27460981547108176,0.9580268885341384,0.08230388868416824,0,-0.2878350029651272,-0.03967327657174703,-0.9568579007324581
0,-0.7556105567629671,0.3387169209265302,-0.5606456402991195,0,0.3137844377253396,0.10359449717630592,-0.9438259939184663,0,-0.2893832067543869,0.38784848174571973,-0.8751176577215705,0,-0.4709600984226384,-0.7961964223153628,0.37982606912369127,0,-0.09767662422041408,0.9054221254642666,-0.41312232062752785,0,-0.4323053564239278,-0.1323002696994399,-0.8919690114822578
0,-0.8610773118574068,0.3742189682883789,-0.34424704323727123,0,-0.09927255856627434,0.21325764467347813,-0.9719393685328451,0,-0.5180194465340044,0.41548368814856834,-0.7476825248025172,0,0.032075584724678745,-0.9859955054688204,0.16365824164965026,0,-0.1889154568319076,0.8567074681162031,-0.4799617320619596,0,-0.6310937385796426,-0.034622747626306336,-0.7749335187436243
0,-0.8193431031940216,0.45468712188448424,0.34919407274579434,0,-0.5275305208283998,0.5894462063336487,-0.6117717870524817,0,-0.7330232678804899,0.6533324198713897,-0.18929774930199708,0,0.2986726008306946,-0.7169897451741756,-0.6298574305571851,0,-0.26785445631029114,0.9605591080599938,-0.07470067039664217,0,-0.9127699121794054,0.23241974691465953,-0.3359049696925102
0,0.2958830727369537,0.0496539919814128,0.9539327483360912,0,-0.3677590775806013,0.7960639469511731,0.4806614746592296,0,-0.10187702140084282,0.5528330334760332,0.8270409358720882,0,-0.31656696483658564,0.22642791732193066,-0.9211491491780279,0,0.2900168964902692,0.7989993135051845,0.5267734776622645,0,-0.5670243992822925,0.22158597045529918,0.7933366172791587
0,0.8950018387974285,-0.44156905750953523,0.06315438226570405,0,0.5214273212800284,0.17536959994021747,0.8350802668244184,0,0.8022913459534861,-0.13733353483972566,0.5809200430494452,0,-0.7475606192268338,0.6640994745203128,-0.011180721042815,0,0.8925641732145785,0.31203398568593826,0.3255211029575864,0,0.41700597719673577,-0.49751813695457575,0.7606455931532393
0,0.6729374463899682,-0.5199074360132976,-0.5261667522983826,0,0.8728674068864883,-0.2609758171211271,0.4123034233100878,0,0.899942966951152,-0.43597103230268164,-0.00564935643165998,0,-0.4361564745106244,0.5324832977428927,0.7254164785606383,0,0.9934832525905489,0.045816090435167364,-0.10436432666069367,0,0.593740848148847,-0.776620778790333,0.21055158795550402
0,0.3400442253061523,-0.5011760777657079,-0.795733915270249,0,0.9097507675293336,-0.41361621239171675,0.035709520110447944,0,0.767087370602261,-0.5227225719214922,-0.3719382726559472,0,0.0943185499794988,0.3697020249685812,0.9243508121183728,0,0.9002634732338962,-0.03924504831996504,-0.4335729522735537,0,0.5143449468141468,-0.8536808557057177,-0.0817206968173067
0,-0.13613792305405972,-0.40002022898166334,-0.9063389444970267,0,0.8552906210229629,-0.45722817234892044,-0.24376290119831676,0,0.541935352528025,-0.5526974610944834,-0.6331126204555058,0,0.5344399932570173,0.33903066341967464,0.7742300064377862,0,0.7170294548970463,-0.0021068733572037713,-0.697039684590986,0,0.34772007084649137,-0.9187981444585631,-0.1868173494887784
0,-0.8478772082364971,0.1728549616263721,-0.5012239040530981,0,0.724767829892259,-0.4749389835009066,-0.49914382166304655,0,0.005886444713517681,-0.5221369977358109,-0.8528413131198959,0,0.7750950658588726,0.435556555246405,0.4577314999681751,0,0.3787788465894942,0.2523758984382102,-0.8904116976229807,0,-0.022383679432767582,-0.9982220976449027,0.05524142167306375
0,0.28874220724366634,0.8549390258843829,0.4309375822273082,0,-0.25441494163455664,-0.7539098929446211,-0.6057168569499406,0,-0.3716034549344092,0.7473957164979359,0.5507363391327537,0,0.794457746566682,0.6009063630562814,0.08802517684538863,0,0.07311111540772049,0.9826508143479374,-0.17044688869314759,0,0.4003507909821321,0.32265575689023207,0.8576785567481401
0,0.9313293530310229,0.34304305506681326,-0.12225832713252484,0,0.974081923157892,0.002349551689212839,-0.22618330306165924,0,0.9687045509205442,0.20533260051364852,-0.13946331486139749,0,0.6304498381795841,0.7036247078082631,-0.3277884563267483,0,0.9757300648721192,0.21019479179564135,0.0613921005230872,0,0.9263123926499465,0.2592622417458858,-0.2733650329285536
0,0.8392242036734426,0.19393398579759227,-0.5080278979754314,0,0.8449667126827304,0.18662760848257734,-0.5011999503294209,0,0.8422610300938478,0.19065966234432596,-0.5042273796017014,0,0.8322806529535445,0.14159255206532415,-0.535966849645433,0,0.8436267234547957,0.19542303355863858,-0.5001037786576551,0,0.8411771549348658,0.18665108171919828,-0.507525731080443
0,0.6330774031916611,0.3828568595952766,-0.6727805189130743,0,0.73314036099906,0.5488614618537401,-0.4015673128703872,0,0.6982047825585109,0.48465442133506603,-0.5268967389278424,0,0.612839667686326,0.6020661673513342,0.5118045250298091,0,0.588437045753794,0.6069612920583685,-0.534172100663619,0,0.7997519906665411,0.37256234144210476,-0.4707377774983449
0,0.5965784870178157,0.7265486116060418,-0.34091234034699747,0,0.6762512381004805,0.7184699201349103,0.16274285492427248,0,0.6882451096501946,0.7239870440606373,-0.046491172010742744,0,0.11420146400008609,0.6782316916811131,0.725919966676501,0,0.518546227296138,0.8550002921784879,0.009182076651928894,0,0.8606971305885691,0.5090887113831611,-0.005397530809148885
0,0.8179824166677876,0.5728211943840981,0.052731824230737266,0,0.7325308444820344,0.3106859507050642,0.6057002574846141,0,0.8327777883759002,0.399283602749398,0.38347589202348226,0,-0.0983048927299869,0.35563507336540057,0.9294406073858253,0,0.6616107673645506,0.5823580074541597,0.47236674698936126,0,0.9374504882527357,0.06118722933416041,0.3426991465427311
0,0.9187617650750409,0.3608717962984868,0.16015107140602874,0,0.7897562683654871,-0.08062410452292973,0.6080993260539731,0,0.9027173719691494,0.07330086441549935,0.42394378120341963,0,-0.05585738962971136,-0.119849389492785,0.9912194892464339,0,0.7641325270936268,0.24320176665893867,0.5974565940145602,0,0.9368857932487834,-0.23707890201754397,0.2569797747425922
0,0.9194659404527157,0.28522946040784375,0.2706040266937157,0,0.8093859565880934,-0.2592983057966457,0.5269333562121175,0,0.9047686901347453,-0.06817319510552344,0.42041174201128334,0,0.14224767005764988,-0.5328483379461944,0.8341691969325817,0,0.7745914479249295,0.01402633345058605,0.6323063741347975,0,0.9378899158111578,-0.2894216517528311,0.19130502689788947
0,0.773705228521263,0.34811590584303387,0.5293349936079649,0,0.7985031694392908,-0.3105711585961096,0.5156920048281507,0,0.8521071077851899,-0.08287560414324764,0.5167640768279569,0,0.35674381331055605,-0.7671390804461298,0.5331336445178728,0,0.6835379555806363,-0.14357865721134602,0.7156542688156278,0,0.9533616111416001,-0.19518730563484224,0.23022500759149314
0,-0.026144113774148558,0.6209514278465329,0.783412924051114,0,0.7289832104322402,-0.25462223887005436,0.6354140338241712,0,0.6218200968234516,0.08492223877513312,0.7785422150069271,0,0.5096939510960771,-0.8356887724222709,0.20453936507046228,0,0.36207158477812623,-0.2734567029935373,0.891137250418902,0,0.9316882874013175,0.13487700870187389,0.3372908650450453
0,-0.7328856748682401,0.4542502319944978,-0.5064931532665263,0,0.4205183701268316,0.06536376940745212,0.9049264489640705,0,-0.23720188943941475,0.6842636291807492,0.6895785302826372,0,0.5938768640726727,-0.8004338043285499,-0.08133876816950557,0,-0.5564667332272534,-0.32067615600840965,0.7664930383108897,0,0.6659124441831616,0.7412504463835513,0.08431128286412005
0,-0.04729416992038961,0.12621244234860032,-0.9908752095435341,0,-0.4107753371643256,0.8442506500167885,0.3442447709461458,0,-0.3743875474180233,0.6306824357191032,-0.6797599794145993,0,0.6344400526454272,-0.7121636421518424,-0.3005141700424291,0,-0.8072443583059405,-0.08642330209253993,-0.5838557688664658,0,0.3895128892117798,0.691702960791995,-0.608133803672744
0,0.32434787507830354,0.02992714672281603,-0.9454643419088954,0,-0.13333081030748584,0.4754006512438519,-0.8696074492664324,0,0.15820120932167672,0.21571225968990057,-0.963556224819619,0,0.6672320927043509,-0.5989467715513412,-0.44279125930126273,0,-0.0014350479434152282,-0.03168653328160737,-0.9994968255307235,0,0.4040472721669899,0.34912310621605674,-0.8454932634624986
0,0.5489814408595906,-0.024366231741093862,-0.8354793021628169,0,0.34306419031342045,0.021168723149357627,-0.9390733978155397,0,0.46328998193891696,0.006343430343614875,-0.8861840404377149,0,0.7279524760158647,-0.5118013552292481,-0.4562286328672027,0,0.45080813072907827,-0.09948125192224737,-0.887060037305557,0,0.4977317480653463,0.12611258148147633,-0.8581134678816623
0,0.8140190857729076,-0.04063206290299952,-0.5794151909138094,0,0.7070297542697285,-0.13025472214567732,-0.6950846235790573,0,0.7570789747691735,-0.07742097766425507,-0.6487198302657075,0,0.6453747375860605,-0.613153820608673,-0.45555882206221265,0,0.7747828091079989,-0.14844745408185214,-0.6145526438697784,0,0.7184722588850495,0.010659300266300992,-0.6954739337534134
0,0.878117748406007,0.44308038087774665,-0.1805242255643145,0,0.9118400815374014,0.11713578806116727,-0.3934804605786097,0,0.9151045905180799,0.2547643507693653,-0.31253594031695114,0,0.585427343834328,-0.5292556661989495,-0.6141361940867754,0,0.9738867045297158,0.13540883958927313,-0.18223373151350586,0,0.8281493334692057,0.3073992200018632,-0.4686943577820799
0,0.6411813254438647,0.7151966623143204,-0.27817304347564786,0,0.8630055821996725,0.4198702569675728,-0.2809454260282388,0,0.7823492581034804,0.5624228785882806,-0.26760071746055897,0,0.6378924789807339,-0.3865110620886509,-0.6661098889394431,0,0.8276841561543301,0.5566678164532803,-0.07113283191488441,0,0.7434344575434347,0.516920055000797,-0.4243805651476894
0,0.5840731946556819,0.7687235586227432,-0.2606196341473376,0,0.782417036899505,0.5903133206313096,-0.19837783105638332,0,0.6969969475330844,0.6833912031037923,-0.21719051233862458,0,0.7393547798034229,-0.22788516209621631,-0.633579405030035,0,0.6973040852351122,0.7134489484340022,-0.06897543543059188,0,0.6981175168020255,0.6339159254736363,-0.33284009999559383
0,0.5791251379167295,0.8070803813177365,-0.1150449161195127,0,0.7278011886554697,0.6840415271785485,-0.04891440367544372,0,0.6597476290877351,0.7479326455978501,-0.07300564061846884,0,0.8643410584287861,-0.05595985304667224,-0.49978298246459013,0,0.6397110741622214,0.767863496216567,0.03399106900771406,0,0.6787331683621268,0.716609817087075,-0.1605978088877226
0,0.5949684120175838,0.7953489520923384,0.11589923686933411,0,0.6993921682155976,0.6936185484179029,0.17246421173485946,0,0.6503021394855526,0.7445711191904894,0.15073478645599817,0,0.9664764765416728,0.07046503796973445,-0.24689653443399567,0,0.6212096967303533,0.7495240617296319,0.22871859036050748,0,0.6777760315261955,0.7304624433618522,0.08393014909098294
0,0.6352860127924377,0.6776306251667361,0.3704435419688469,0,0.7038761318930126,0.5785127123747172,0.41216675335618447,0,0.6712184058979912,0.6265073512640308,0.3961746968142813,0,0.998184927475525,0.040140785001021605,0.044895077014996586,0,0.6377690698594687,0.622029478068932,0.45423555777138414,0,0.7025530415547274,0.6226627632632371,0.3445436214002394
0,0.7056116280336399,0.45438951254935817,0.5437300812617165,0,0.7484080006927591,0.34722174859527316,0.5650862958889624,0,0.7280095559361835,0.398013183619863,0.5582003154158744,0,0.9690487938631482,-0.16236504163591212,0.1859624380538883,0,0.692614064483454,0.38900713019555333,0.6074201267135698,0,0.7604548194526126,0.3986479765961094,0.5126287724339338
0,0.7973949770376881,0.21975426931892258,0.5620225188648329,0,0.8238671697704715,0.0995963572667627,0.5579636656571687,0,0.8116170971321811,0.15559974804594057,0.5630864996168631,0,0.9183715091983806,-0.3851806479915902,0.09071736055170194,0,0.7762389812737597,0.14117472474385095,0.6144287924931365,0,0.842882069879002,0.16068059435769427,0.5135480141849906
0,0.8917182948681751,0.08397313289615314,0.44473249886757676,0,0.9078464939003908,-0.0521291648802741,0.4160496288685433,0,0.9013407914430511,0.010300042868003624,0.43298809082667805,0,0.8540133300765562,-0.5028291692444047,-0.1335067736428867,0,0.8693180964707675,-0.012494459342586077,0.494095067405229,0,0.9277118958150361,0.02176912615007046,0.37266170115794545
0,0.9650390235374529,0.09968848531202867,0.24240851665334012,0,0.9773270678515494,-0.059520137185553164,0.20319733195617073,0,0.9741617080714601,0.012749217427607405,0.2254915164308378,0,0.7797647902600654,-0.5221815788576344,-0.34538857909957665,0,0.9528301661535825,-0.016112935566006303,0.3030759769021327,0,0.9883295662075764,0.02681023888761534,0.14995292478218974
0,0.9615990490499428,0.27075941607448284,-0.044906652884076595,0,0.9952584347023412,0.0792708842459487,-0.05636288729927841,0,0.984882829271542,0.16699556968582427,-0.04602490968366894,0,0.7222399615291533,-0.5066696363994163,-0.4708028435781272,0,0.9870782340288603,0.15057335608190475,0.054810804999549025,0,0.9768440107304235,0.16411301251809568,-0.13726870663896965
0,0.7320025757265434,0.4923361113285199,-0.47093246077502143,0,0.8639195422604481,0.3131254147779966,-0.39445595333396294,0,0.8111236000955182,0.40178892699014934,-0.42502254471520706,0,0.7214158665844959,-0.4996382360034543,-0.4795005532462894,0,0.8364482017300201,0.4508221324956478,-0.31163088851186155,0,0.789525509596249,0.3388861927784799,-0.511669442160552
0,0.21512806511954188,0.36436405050793264,-0.9060677426635244,0,0.4757970916094018,0.3848959677412447,-0.7908680178339275,0,0.35521348037779754,0.3904306115894481,-0.8493452306876051,0,0.812514172246872,-0.4765994112908236,-0.33566906478736025,0,0.32899844119510185,0.5291798262358625,-0.7821308951807081,0,0.3870027634783888,0.2665166889438253,-0.882721765662607
0,-0.08751553048541526,-0.1497669063796698,-0.9848405483515184,0,0.13177903352208276,0.06317039339828973,-0.9892642658672611,0,0.01913204134865807,-0.03150754165251513,-0.9993203889708486,0,0.957384730774555,-0.2858812667114751,-0.04106554058057944,0,-0.08999535652718452,0.0926917019718079,-0.9916194250765333,0,0.12187985132154437,-0.13047006077841825,-0.9839323478178335
0,-0.038129771069394754,-0.5092292057070339,-0.8597858667209985,0,0.12236498184800344,-0.25824477555516745,-0.9582987254065398,0,0.03832794434992509,-0.37963541738831613,-0.9243418840160321,0,0.9771544620370216,0.147981367257553,0.15254727878832863,0,-0.10066158320462007,-0.29190816836030536,-0.9511345156765529,0,0.16822858161496226,-0.4400725735001098,-0.8820630784591363
0,0.10089607991046086,-0.654641406515957,-0.7491759539210473,0,0.25318497567291137,-0.384804498893252,-0.8875938630505623,0,0.17688012793927385,-0.5171193615636324,-0.837437153603903,0,0.8721843914868185,0.4871504279922034,0.04448424163432518,0,0.024000124048027517,-0.4457940335015945,-0.8948137648360459,0,0.31974986256220367,-0.5529570158448379,-0.7694144293028455
0,0.2204644121821257,-0.6955192269622636,-0.6838482637888358,0,0.3918854698405709,-0.3974751736217921,-0.8297224023022167,0,0.3124363610117193,-0.5402940486464669,-0.7813231478171908,0,0.8047054959817348,0.5605415508649293,-0.19555621823590838,0,0.15538471698029005,-0.4681597323577911,-0.8698747350783541,0,0.461183690669118,-0.5620064212369541,-0.6866282734851825
0,0.28594643318487317,-0.6864342072664487,-0.6686125308751931,0,0.5066277057584114,-0.3716677239376621,-0.7779405316224154,0,0.4169483993162961,-0.513176354716854,-0.7502026801252446,0,0.7910495479821095,0.4207223676590293,-0.44410956079404634,0,0.283398233802243,-0.41706981737772447,-0.8635613519086416,0,0.559545663432419,-0.5386428480884063,-0.6298988273819727
0,0.28820526261778673,-0.5484664019699433,-0.7849346039700104,0,0.5691753851638446,-0.3545099322259918,-0.7418639288149222,0,0.47371186942804044,-0.4423293797248306,-0.7615390893416029,0,0.7621670837677056,0.08564268955444135,-0.6416904753437696,0,0.43621145084882507,-0.32145782763101083,-0.8404667960146399,0,0.5662636601575992,-0.5178810167601312,-0.6412056765690799
0,0.627413684776445,-0.16243277378213325,-0.761556079456192,0,0.5341551050829054,-0.2746530960274622,-0.7995273607303256,0,0.5660164635370659,-0.21380814955699812,-0.7961855551239331,0,0.615376407345013,-0.44049932613585036,-0.6536606313347977,0,0.5972124740907414,-0.2549623021140932,-0.760481088056171,0,0.4922368708265342,-0.16532900826719193,-0.8546163946615397
0,0.8638634775713216,-0.10003344379040602,-0.4936934294091973,0,0.5887725525012281,0.029432747374938555,-0.8077627094655654,0,0.7581742014221208,-0.007812531950665374,-0.652005248937805,0,0.24041075119131236,-0.9517701056874724,-0.19062092390733631,0,0.708609492003991,-0.19503464063517084,-0.678110667070026,0,0.7954508479925931,0.23423036824286894,-0.5589222513200512
0,0.9606940626316245,-0.014085351427247624,-0.277251728397706,0,0.7349616530985579,0.25496943042282816,-0.6283485959437595,0,0.8823985380274652,0.1196348238952994,-0.45503882141915414,0,-0.24713869861259383,-0.6486545053626623,0.7198401185824483,0,0.8224487874013169,-0.09343193035155042,-0.5611135949991645,0,0.9015244019763261,0.3154154461271984,-0.29625470289196726
0,0.9922470418078795,0.12404683374626516,-0.007628306564287288,0,0.84493844604666,0.36756540618664474,-0.38855462237258503,0,0.9492292376343048,0.23499153067421424,-0.20914787814268276,0,-0.3682244686426705,0.4614297552201917,0.807151362317042,0,0.940631337880744,0.010696463139795465,-0.3392613621870023,0,0.9086779783193493,0.4105693933356545,-0.0757436794290636
0,0.8895600001876478,0.26371299009390237,0.3730126873470732,0,0.9082278288285476,0.3996542710250157,-0.12409139612739355,0,0.9429354588268546,0.31178712223258076,0.11688246616543843,0,-0.31739296057786803,0.9380120626462674,0.13926621595243724,0,0.9991285615350133,0.023936785642926204,0.03419280360046311,0,0.8402746568477556,0.515860892848334,0.1668113913649381
0,0.5091204361697023,0.24892081028598145,0.8239143230220859,0,0.9265442101414085,0.34738495747275,0.14435898993512292,0,0.8133404288699972,0.2638917666416737,0.5184963666838038,0,-0.38660600204711926,0.8364854293715122,-0.38836571119281404,0,0.8659588987126228,-0.21895012104351913,0.4496398895065361,0,0.6602071871886216,0.591306889202432,0.46312269731274336
0,-0.10767001121769325,-0.20855375596128956,0.9720660983486773,0,0.9073161383417334,0.18900338143949474,0.37557309130058975,0,0.5310651000415185,-0.08102594913914239,0.8434480749186596,0,-0.5553067475840523,0.5431236515413698,-0.6298024414242854,0,0.5513170325117063,-0.6946910039836253,0.46201075598595004,0,0.2982939748344615,0.4855279094847858,0.8217562617277653
0,-0.21793053110082525,-0.8650936709439406,0.4517955556519448,0,0.895413971982879,-0.06778765449319603,0.44004392130349346,0,0.385169155094991,-0.6759878129938149,0.6282397620711774,0,-0.7606773727976854,0.18158704478551965,-0.6232143128007192,0,0.46091396525763695,-0.8863470946586919,-0.044126459415844296,0,-0.043104809498989455,-0.18844813550367737,0.9811367262635944
0,0.36200817527924617,-0.9320850914275094,-0.012940763870879196,0,0.9442389089351964,-0.10555769402224459,0.3118821188936232,0,0.723630767476481,-0.6737347695808908,0.14979977509723752,0,-0.9060832478553881,-0.25071436105927714,-0.34081586981018036,0,0.7367108292501331,-0.562951613321977,-0.37462332431892786,0,0.40780759894309593,-0.7052528046192496,0.5799236534415109
0,0.8570696422899373,-0.513860824424806,0.0371305990586988,0,0.9259198351721974,0.010611595073636427,0.3775709905232183,0,0.9465727752515217,-0.26606171910914184,0.1822392459853809,0,-0.6250969115050505,-0.717667956112776,0.30693086517285595,0,0.9866155658225765,-0.10251216167423517,-0.12681081178461276,0,0.8186794528870827,-0.408034406698538,0.40406914800647575
0,0.937154290585606,-0.019729549773702164,0.3483569728062245,0,0.8651579521292686,0.03771917628836106,0.5000789753705085,0,0.905899311656597,0.020516165389772537,0.4229958913486077,0,0.6318086822169989,-0.5452173339069615,0.5509590255931961,0,0.9128909601814161,0.11931207285238445,0.39037766853486816,0,0.8933269816515456,-0.0548245457736842,0.4460506395400059
0,0.6942788854965678,0.3382309178841966,0.6352768493663666,0,0.8059830604534738,0.03382567847450358,0.5909713442611166,0,0.7503790369276604,0.17672414265418224,0.6369457420712231,0,0.8940596934739975,0.14700501291515305,-0.4231392095788303,0,0.6319160526730782,0.1047008354667181,0.7679321828303893,0,0.8270568735939527,0.2188733042403089,0.5177561245721057
0,0.3372850942793457,0.5206902545163299,0.7842961328660827,0,0.7595264715451828,0.03776970072856207,0.6493789253810132,0,0.5675370120797502,0.26859742977125695,0.7783040284104048,0,0.3096290172046803,0.2684895968956332,-0.9121640247585322,0,0.3461048710418617,0.016239512781003287,0.9380552736730027,0,0.7006464277457141,0.43906304413821223,0.5624217514990474
0,0.012487096158684683,0.5751903076861139,0.8179243133526947,0,0.7314350017762776,0.0611408234690983,0.6791646618325025,0,0.3967595627166929,0.3348826926939502,0.8546551535718415,0,-0.19864296562355716,0.15900918588637444,-0.9670868890704862,0,0.13306487728007588,-0.057998692996983445,0.9894088588875076,0,0.5417177489264383,0.6233432602885635,0.5639016406705135
0,-0.23353775994551643,0.5528479663638781,0.7998870175011935,0,0.7289994331111199,0.09966156663301186,0.6772203471986941,0,0.25298330206806535,0.38910678786262287,0.8857738743686054,0,-0.5893429154520599,-0.009808824390804154,-0.8078234429443952,0,-0.00533725577889615,-0.1042260343320891,0.994539314189317,0,0.3560482551260526,0.7757344631657407,0.5210236872529437
0,-0.41593150833548,0.46301177555559697,0.7827011409667333,0,0.7661370031495498,0.12247281404993315,0.6308997560815166,0,0.1279623783763805,0.42201757216085234,0.8975114475636063,0,-0.8728804809853422,-0.2088069871169274,-0.4409980816805772,0,-0.09575059953482257,-0.14592569605562816,0.9846509604521809,0,0.11142797401425317,0.8896713038871836,0.44279654204471586
0,-0.5855030249546476,0.20071477438169372,0.7854296831122841,0,0.8596346906061426,-0.08217301527815156,0.5042576665421936,0,-0.07859172419554371,0.3567321461975857,0.9308950084500591,0,-0.8911663549343823,-0.40091639120481465,0.2123407052269405,0,-0.23559925303110577,-0.24018889877288088,0.9417018025242683,0,-0.427698194457528,0.8305797647095249,0.35666722433220677
0,-0.38261850577805306,-0.9039204542413484,0.19113056124095948,0,0.1339208089254032,0.5220995655352836,0.8423047314390639,0,0.11037738140363873,0.23758568475631794,-0.965075062403618,0,-0.21469831191531374,-0.37892410234293095,0.9001784042756852,0,-0.8932111521455894,0.04957785879151768,0.4468958196273458,0,0.6371680650238121,-0.5501050327368397,0.5398159963093088
0,0.661075070182963,0.7441258901803951,-0.09621024449519426,0,0.6029926332430319,0.5848824212807558,0.5425057027639387,0,0.5916761211223034,0.7325689048193629,0.3365444508314237,0,0.7653601553503429,0.009637372233763897,0.6435300720700834,0,0.23807396826304816,0.8202140810628726,0.5201630964050338,0,0.7723412191751419,0.5451332068378766,0.3260656804475265
0,0.42678268980361267,0.8007164901514259,0.42036845514806964,0,0.741805304693111,0.5449690911316954,0.3908114374481058,0,0.6197821820775092,0.6496849882058706,0.4402038878510489,0,0.9397374312161948,0.3061476480159504,-0.15220768044185293,0,0.6010921807023271,0.50339294787664,0.6207122766037316,0,0.6635104377094715,0.6941867264848625,0.27903169680668244
0,0.4827436004241483,0.5844739871945015,0.6521876835256029,0,0.8403729964087465,0.4668981744233976,0.2752804417808925,0,0.7215813204100144,0.5148883464248709,0.46282868185885173,0,0.6261050568472317,0.36693384131013945,-0.6880058240245572,0,0.8018817431527109,0.2523289665523616,0.5415863390420653,0,0.6567655697806599,0.6877034366658473,0.30939128874075944
0,0.6021392899423504,0.168913006440755,0.7803183143838592,0,0.9279457022236296,0.3193216004882685,0.19222510030249834,0,0.8385558132915772,0.26512516851480306,0.47595461234754166,0,0.2075831735000567,0.24452540516134286,-0.947162368504116,0,0.921109636508449,-0.05745295276117005,0.38504051182998383,0,0.7019115510095701,0.5680795476525157,0.429657773231502
0,0.5392867350015625,-0.5085125210030101,0.6712561608168056,0,0.9882441368223309,0.017831015723545417,0.15184064315772905,0,0.8579656235851055,-0.21681747657561806,0.4657093198526334,0,-0.11384266035406002,-0.059864805988362906,-0.9916935281060808,0,0.8589709107629517,-0.48618929092449775,0.16058937652721358,0,0.7067612463908836,0.1948971759329887,0.6800761952997255
0,-0.10877303363825999,-0.9919341980762248,0.0650766766207866,0,0.6892817741144565,-0.6907752262888993,0.2184495882787315,0,0.24244703541443846,-0.9364293235506891,0.25361300639586404,0,-0.16398514405642559,-0.4058820763878967,-0.8990932168556511,0,0.3014445257947758,-0.946112323919058,-0.11833287115946461,0,-0.05317053917138996,-0.7110877385226765,0.7010899527784786
0,-0.8213064690390036,-0.2797661207349668,-0.49717864154003266,0,-0.9313160232595664,0.0006384863182063891,0.36421155549379325,0,-0.9652339320827453,-0.15594387384720498,-0.20977360311919366,0,-0.004914688326421522,-0.5982376604270853,-0.8013036549806705,0,-0.8386821679078859,-0.5242793131383612,-0.14745651239771265,0,-0.8624356421581163,0.2105252851364701,-0.4603084481665808
0,-0.6898811449251561,0.6252133663358874,-0.3649277359035666,0,-0.154995713039802,0.9694775831459173,0.18997248410449932,0,-0.5108928463000584,0.8541194404611491,-0.0973061201865468,0,0.19419826691849945,-0.6233075158543507,-0.7574792233489506,0,-0.7556038554285281,0.6190817609371382,0.2140107168730486,0,-0.25118403282283863,0.8799962004443588,-0.4031293450722077
0,-0.2674505517742492,0.9621937791577655,-0.051510520340478885,0,0.28361939243792705,0.9450823267382472,0.16241747418354482,0,0.001811312821201098,0.9967551023508856,0.08047350547440478,0,0.35172134575552333,-0.5436492348792474,-0.7620614177053793,0,-0.11210769097204366,0.92033192080733,0.37472792952755335,0,0.10371315725982409,0.9782315016940779,-0.17974067459689905
0,0.08632771118015446,0.9775559924217038,0.19217650210890438,0,0.48208337659240774,0.855463015190534,0.18915244554163926,0,0.29792009451594,0.9321115329903963,0.20594102881627704,0,0.4342801848315386,-0.40900596037787623,-0.8025676578569909,0,0.288751277900636,0.862997772731467,0.41455704525586906,0,0.30910329067886205,0.9509827437734593,0.00932613192069303
0,0.3255971967832355,0.8713086579918907,0.3671616646046659,0,0.5938601257355081,0.7661344472774448,0.24569932795246063,0,0.47290316776480246,0.8240972674298733,0.3118113014831746,0,0.4100440063394894,-0.27523719086081866,-0.8695449393976749,0,0.508511348915138,0.7378492403714493,0.44384085718620125,0,0.4404864672607461,0.8805570559726512,0.17490266818126232
0,0.46201212741604036,0.7210041828234055,0.5164278870003611,0,0.6614134247446609,0.6717961651331914,0.3334999161617234,0,0.5720019092528893,0.7006271494161054,0.42653887667141416,0,0.24883136881439,-0.2401852074137133,-0.9382931397135911,0,0.624962400419879,0.5967463410412053,0.5033048802816802,0,0.5179344144328134,0.7864015637904361,0.3366251963446814
0,0.48888988618620055,0.5352820539545894,0.6888104252252575,0,0.6870061284505165,0.5513557949410799,0.47331740603565653,0,0.5967293123988727,0.5496544120578088,0.5846316404620547,0,-0.04612433610447618,-0.4376555539560773,-0.8979588864253867,0,0.6565014224761119,0.4220812508728065,0.6251826132807026,0,0.5288035073441812,0.6661624016114335,0.5259225278496632
0,0.3055962383680508,0.23233543502135617,0.923380303411728,0,0.6029453351611962,0.32871900506289903,0.7269117817987342,0,0.4584123417231231,0.2897845095084867,0.8401684729891074,0,-0.3498951806295523,-0.8011146579658274,-0.485580752670973,0,0.5164520447057019,0.11915052684684001,0.84798610688585,0,0.3770575465873975,0.4587809866091368,0.8045791526552497
0,-0.44996804985235606,-0.4949189287987827,0.743359945133401,0,-0.20558171411884354,-0.39362641925850445,0.8959879468395132,0,-0.35647671173307216,-0.44290459323708786,0.8226541650544692,0,-0.46588734277076227,-0.8721662859736782,0.1492479596405882,0,-0.29633413814934445,-0.5564513954457049,0.7762396041647276,0,-0.4566841169344676,-0.3088234592761013,0.8343067111923094
0,-0.20119610532722415,-0.44375842882309335,-0.8732689070667843,0,-0.1059418798093945,0.1924251799746826,-0.9755761724305093,0,-0.15048407192468696,-0.17231956995424716,-0.9734785616066481,0,-0.4775203518916498,-0.735932063779866,0.47997740679117623,0,-0.44534306960477066,-0.14231686601463936,-0.8839770698399204,0,0.1787006492886794,-0.2607715209385346,-0.948717182205112
0,0.5097859850564144,0.04850358064488471,-0.8589328565753475,0,0.5669539031683068,0.542405779482947,-0.6199671298268311,0,0.5578243188733745,0.2997132110949868,-0.7739535001333011,0,-0.48476627177591347,-0.6912939907766574,0.5358304583210663,0,0.3073230387717839,0.3687107634808363,-0.8772712936905296,0,0.7608036735368255,0.1921251839908816,-0.6198916711888788
0,0.7184490151828447,0.1776512217036283,-0.672511008095785,0,0.7032883379057292,0.5736446683665066,-0.4199015458657871,0,0.7291684187612167,0.3826279834062193,-0.5673704639790096,0,-0.4781613404734326,-0.7687475719837246,0.4247221480518506,0,0.5456296067105227,0.4551270002645241,-0.703667354586765,0,0.8678030974110478,0.28087354076784066,-0.40991198838327225
0,0.7720895511636885,0.21951806475705618,-0.5963971363354884,0,0.7015753362127636,0.6185156073799025,-0.3538792040307226,0,0.7582895917747847,0.42299366045596404,-0.4960577166218613,0,-0.3792006342358206,-0.9150283031664312,0.1375866396112404,0,0.5869774264699914,0.4764479471095995,-0.6545646297423305,0,0.8870965829049492,0.32923004544050755,-0.32352315184172525
0,0.7140208235798944,0.27779123987158383,-0.6426556547210159,0,0.4654132446146503,0.8060200599239552,-0.365680427063642,0,0.6391870004439624,0.5440528220527626,-0.5435499105692828,0,-0.014943123203626226,-0.9704596883237028,-0.24080011712535043,0,0.4065717001000538,0.5103416916348005,-0.7577933824315717,0,0.835132365394458,0.46466102980157514,-0.29435363027215605
0,0.16422989829282478,0.7227105860787435,-0.671355307774093,0,-0.5314151179568009,0.19354862980094076,0.8247041289511883,0,-0.3376232707718571,0.9376256506120747,0.08287741759729816,0,0.460371644977798,-0.817294590763076,-0.34653643446231214,0,-0.8563074171561328,0.26996640966937313,-0.4402905233747612,0,0.5797786225937436,0.7172545168880858,0.38652646324273826
0,0.7070385643397682,0.517386493833443,0.4820868018677717,0,0.8318035794127777,-0.23976090183703372,0.5006171343715503,0,0.8086891381540716,0.05298817435993369,0.5858448012994792,0,0.6956735941013892,-0.6727968231404008,-0.25175918104855716,0,0.5168771596137394,-0.1280842762043319,0.8464233102052692,0,0.9542234951155227,0.03251872663566778,0.2973214653998443
0,0.9179159116045127,0.3101472924748693,0.24746522219044104,0,0.9470342774056995,-0.09959799383617109,0.30529709635447677,0,0.9469778603154861,0.07486950061459509,0.31245398053157336,0,0.7658048422259087,-0.6164815786681083,-0.1830120400034599,0,0.8527993482355634,0.04345744848985193,0.5204274414553386,0,0.989384683257637,0.034341465443353765,0.14120415109474857
0,0.9387038193879583,0.2968752724998189,0.17521475977958553,0,0.9639363797533794,-0.043674261277780305,0.2625246934857533,0,0.9626956124840854,0.10765938681938549,0.24824708282992036,0,0.7767013844841496,-0.6102833347858954,-0.15584996189608724,0,0.8953265563585028,0.10978526553992561,0.4316683367465732,0,0.9929595733622254,0.05728313684600871,0.10368185907567734
0,0.9303897348006911,0.33062133468999944,0.1583176377580934,0,0.9629177632944037,-0.002946960632463431,0.26977897722975686,0,0.9583942204529983,0.14854745253538418,0.24375022573843416,0,0.7686772600377311,-0.6254580324616401,-0.13393102527084802,0,0.889521461720931,0.16459190806652357,0.4262171664033249,0,0.9908147958606962,0.08894506172574192,0.10185684217631537
0,0.9039745151674043,0.39785297145127435,0.1566623408329132,0,0.9523392814276793,0.055088096420090736,0.3000253234022458,0,0.9414524452610006,0.21350895473307172,0.26092378113325376,0,0.7641224822086896,-0.6391210283833371,-0.087413633155571,0,0.860317196430142,0.24016417678856564,0.4496392884458064,0,0.9831253764374974,0.14181777970625645,0.11555177005921222
0,0.8520020678162848,0.5011317375852763,0.15152378698256172,0,0.9303730397237824,0.15167465164995111,0.3337675942957845,0,0.9068046929341119,0.31594722622638965,0.2790745404233814,0,0.7845661136382429,-0.6199935474748807,-0.008000901205272528,0,0.8083630100336027,0.3491100862502766,0.47399513888618955,0,0.9639381072996869,0.23177131788846175,0.13078754336611223
0,0.7441763846085944,0.6556178092925928,0.1279327820742713,0,0.8855181125424986,0.30215841234936924,0.35292770676964313,0,0.8353529520271646,0.4714091832207875,0.2827699197485674,0,0.8423831568174098,-0.5335860783409666,0.07534264470433066,0,0.7158119076940639,0.49713447462153115,0.49037804492672715,0,0.9163483405408007,0.3794997706434806,0.1276152140995206
0,0.45942740589867415,0.8877923910803401,0.02740673364462467,0,0.7681734682119181,0.5424510320555068,0.34008293188160554,0,0.6486073392699999,0.7213260104321455,0.24289361070051962,0,0.9223663671832452,-0.3722666386768425,0.10323678810108462,0,0.49195508538564475,0.7106348293471945,0.5029695152610012,0,0.7795526307522249,0.6238627609912062,0.05561430873178778
0,-0.34236255790275333,0.7953193103619063,-0.5002550084824194,0,0.3018686743104605,0.9434533556006506,0.13700755189374741,0,-0.025193497206215446,0.9937740212303451,-0.10852871705769808,0,0.9853261421123948,-0.16894235775560623,0.02430788814112448,0,-0.3047385415621121,0.8915797875733629,0.3349923934617535,0,0.2899029344068726,0.8876891813182787,-0.3577208492564678
0,-0.0028864523797083527,-0.5847113679806454,-0.8112362692501254,0,-0.3834607132350399,-0.10769992792870492,-0.9172560203833094,0,-0.21787400194840453,-0.4072354129933528,-0.8869556007372185,0,0.9740520873722615,0.009622778136758454,-0.22611928981551108,0,-0.44086662509231117,-0.5931106508688576,-0.6736886333504788,0,0.00901873190796673,-0.2626554203537766,-0.9648475489078847
0,0.6673625019801859,-0.6142098815630457,-0.42115734867274485,0,0.6328952762891853,-0.6259862982353362,-0.45561466577850224,0,0.6498868405349859,-0.6216558407395937,-0.43725405678369955,0,0.7468726973338713,-0.34090930925760066,-0.5709308336731632,0,0.641020728584951,-0.6417256918190597,-0.4210469831073106,0,0.6574363558069548,-0.60393255573051,-0.45060282532634605
0,0.8540762453002012,-0.45311613974391474,-0.2554203028685922,0,0.8722495583323071,-0.43106940769827007,-0.23099756218574644,0,0.8640503653082137,-0.44073383211677464,-0.24325019103467357,0,0.8996503253852957,-0.4356573512970711,-0.02884379127215857,0,0.8674461999124878,-0.4263122594156009,-0.2565052586777693,0,0.8618234290398549,-0.45213437600169226,-0.22985839814013012
0,0.9147436851030328,-0.35072938010510846,-0.2005813862132031,0,0.9396535678171296,-0.29669888716325055,-0.17035534287080034,0,0.9291571956604165,-0.3200510721928382,-0.18502490897358986,0,0.9878874318070509,-0.15474518241697532,0.01150437292540436,0,0.9301033088150763,-0.299647373569231,-0.2124130091221076,0,0.9300298100191043,-0.3326305526578251,-0.15620969212689212
0,0.9326538676897301,-0.2826942614966336,-0.2241444123779579,0,0.9651597218383586,-0.1916267668583704,-0.17817377350303237,0,0.9529370436498299,-0.22937560545674063,-0.1982367838249898,0,0.99909333454598,0.02111430574903686,-0.03696883766810124,0,0.9507428939886996,-0.19725464671252946,-0.23912037529308808,0,0.9576032340082105,-0.24560018001896128,-0.15058750875046067
0,0.9110136013321039,-0.15901056615439207,-0.3804863440902582,0,0.9667336336372647,-0.05495703393201793,-0.2498115409981802,0,0.949404349161059,-0.0993042488046668,-0.29794302804967066,0,0.9809762933160661,0.17106276473970694,-0.09177713479663162,0,0.9431286256860241,-0.02989486552426031,-0.3310810964505189,0,0.961255237564468,-0.15143426952302047,-0.2303389464873614
0,0.8103791751678793,0.45699132834103634,-0.36666676734512327,0,0.8789771913088887,0.33275021962437756,-0.3415792565403611,0,0.8481354096446356,0.3772355177513889,-0.37196732525017223,0,0.922600235286208,0.3458269560679458,-0.17091671160718147,0,0.8626307967415673,0.39343752574292834,-0.31792298100371974,0,0.8362816795140189,0.3113510231235208,-0.45132415502513135
0,0.8685753922577294,0.4326632799335153,0.2416180336016009,0,0.6927764811935688,0.5750237901080927,0.43521073965928364,0,0.802827730533267,0.4850064805036167,0.34675113403750984,0,0.7208060245921747,0.5740928115160083,-0.3884020065309523,0,0.7813085354190978,0.5713509738535006,0.25122706294888036,0,0.8328703730681752,0.33759877857077875,0.4385818126333979
0,0.9002601233631548,0.26577096742490314,0.3448151724564752,0,0.8289187338710303,0.14286844322957837,0.5408163649214075,0,0.8717580613668844,0.20951447785549573,0.442878726076101,0,0.04212567473467546,0.12502418625072145,-0.9912589875408413,0,0.8184221585670168,0.3126662501188734,0.48210474629804945,0,0.9138495754738936,0.11058011084574212,0.3907057620403467
0,0.9012328437325442,0.21428266024087453,0.37664612423048444,0,0.8747964694540158,0.06069829964810957,0.48067333340910184,0,0.8892608145022904,0.13868338072351974,0.4358693883513939,0,0.5605797659198134,-0.7990100797742004,-0.2175619876276949,0,0.841224833502507,0.19023478710733546,0.5061141227755911,0,0.9240118685329802,0.08693582452842352,0.3723496061818162
0,0.8902401608332576,0.20863411085480565,0.4049003134444334,0,0.8807163462588137,0.06577761213584016,0.4690543925540322,0,0.8850415462553334,0.1342444970386093,0.44573520885927265,0,0.8618676570780781,-0.4747902942381651,0.1782086366593412,0,0.8425213746693326,0.1588733790053633,0.5147008671730757,0,0.9158032469418929,0.10158692966831034,0.3885672510792077
0,0.8725801298122104,0.22744667141672548,0.4322868592941012,0,0.8655148840129848,0.10314689989486722,0.4901476334677826,0,0.8673210533263963,0.16069328309216951,0.47109644365655123,0,0.9023174306965727,-0.2465829891313557,0.35358179213893587,0,0.8275695713173112,0.17831699644258303,0.5322890694062555,0,0.895786768590274,0.13150435589700268,0.4245852913122514
0,0.8529932596256126,0.2655165404029455,0.44933669536965604,0,0.83014730119,0.16711594122671092,0.531909504065184,0,0.8371023296094626,0.2140992414564482,0.5034095793389156,0,0.8590666850934869,-0.09300223465531478,0.5033438336878735,0,0.7951092194859493,0.24515569589277098,0.5547071424272231,0,0.8637724127736086,0.1746537956396436,0.47264497310341114
0,0.8451323317299181,0.3137241601808225,0.4328146175715297,0,0.7694038794229313,0.2694246681724573,0.5791614787855839,0,0.7966073839269119,0.303119600259571,0.5230059118323616,0,0.7552533357662202,0.019929222480120832,0.6551299297889963,0,0.7398367478364914,0.3828223242060517,0.5532527945163951,0,0.8197526066673739,0.23590888789813816,0.5218741806917732
0,0.87668582665887,0.3139087455152938,0.36453156355035743,0,0.6839715557718333,0.4328516358417793,0.587215779968619,0,0.7684104418582669,0.4256268922095295,0.47789867280757403,0,0.5845603121409134,0.10055813932450935,0.8050945920109701,0,0.6786947522901713,0.6150394805246506,0.40137248362306915,0,0.7736608412566353,0.31674642049326973,0.548744574288235
0,0.923420200092183,0.1899133159394334,0.3335087202617071,0,0.6340250870957097,0.6290888253926002,0.44973263023649507,0,0.816762128215655,0.47345757975048197,0.32975376584574434,0,0.33130139749324644,0.14602894880350908,0.9321560653293867,0,0.7783881334801926,0.623637624727144,-0.07202795764081978,0,0.756484375671558,0.3838406309219629,0.5295259761505967
0,0.916115009759571,0.03995351835374893,0.3989197980351158,0,0.7455281538588036,0.6330207550395733,0.20850058871142887,0,0.9095260158806717,0.32982605806512655,0.25293714210738544,0,-0.025421878716748083,0.15601181363275496,0.9874279933694049,0,0.9694136728090217,0.18579325219046017,-0.16036832109682833,0,0.7828231288945351,0.3691564873400263,0.5009106075164942
0,0.8770420327299573,-0.08479291526086485,0.4728714776199428,0,0.8898211240407278,0.41882289082377483,0.18112358579961932,0,0.9367051757046304,0.14737397547137393,0.31759144377945714,0,-0.4917507063656262,0.1778248577368563,0.852384633108654,0,0.998617492110886,-0.034836728666763475,0.0393637750471533,0,0.8113022874555723,0.2621272292991242,0.5225685735186535
0,0.8363022495148488,-0.23533823095625364,0.49519134130837167,0,0.9290280378018596,0.1977696698944791,0.3127204224988439,0,0.9148474931302149,-0.023112824306777024,0.403137522026821,0,-0.81186205659494,0.4749163102358178,0.3396093334015287,0,0.9758878540961614,-0.12799696837562236,0.17680405061603915,0,0.8104004147643004,0.07634746148043495,0.5808805667909225
0,0.7938325964841348,-0.47806588629902697,0.3758760661659405,0,0.8961639625130903,-0.04873325345652916,0.44103879908731175,0,0.8734110485009435,-0.2529448534518658,0.41613944954629906,0,-0.19007065102785672,0.9408917265677761,0.2803496147565683,0,0.9536921985748699,-0.22034810261008633,0.20473862374638904,0,0.7621054726294268,-0.23868473350489275,0.601851183084304
0,0.6157492399077545,-0.7553999589204441,-0.22410661662702863,0,0.8118320746242498,-0.4363065998682619,0.3880273618221825,0,0.7831594181111597,-0.6076806364087844,0.13185435130326273,0,0.045506245488077725,0.47432917827959814,0.8791706388717608,0,0.9473159389533014,-0.3202211509255586,-0.007136266876686736,0,0.5527176477503598,-0.7608959191039489,0.33991263900635693
0,-0.1313185067326173,0.18432481097267017,-0.9740532910726213,0,0.618067962662901,-0.6946084071571945,-0.368118397035894,0,0.3854797721361377,-0.3659873900732385,-0.8470292648906828,0,-0.13462553743425723,-0.18608010975387027,0.9732677727247135,0,0.8217361844607006,0.1099917874095324,-0.5591524388307949,0,-0.12806834437141812,-0.7434033966378388,-0.6564677364785628
0,-0.2751697104837072,0.9542623328719703,-0.11689752133410804,0,0.4093852594676509,0.3769246200060971,-0.8308619260526167,0,0.07638473424666693,0.817776240140582,-0.570444908326474,0,-0.15834819606946568,-0.7552109097149161,0.6360678663862174,0,0.513058331541854,0.8436579556968019,-0.1581530974245589,0,-0.3994579596773737,0.5088456283740853,-0.7625676789210069
0,-0.161409772489432,0.9201368025731302,0.3567844585956708,0,0.36391076886656,0.9012710402398655,-0.23511585299145607,0,0.10477800850395486,0.9931078813278654,0.05251956757650986,0,0.2203475887963178,-0.9750857318314428,0.025588194355755975,0,0.38602081763100243,0.8727482402922077,0.29882844145487086,0,-0.20148498087547764,0.9527893904816407,-0.2271479250779816
0,-0.07229186211253946,0.8454597403450363,0.5291235339011152,0,0.3429003753219473,0.920558470105223,0.18705997894151133,0,0.14731041808331038,0.9254622092133128,0.3490262741429863,0,0.8524948658605205,-0.45186570876599985,-0.26281150074312576,0,0.31718058784790976,0.8038910189444112,0.5031458082434661,0,-0.01826481606983234,0.9920672481937972,0.12437432032024155
0,0.029686971952849674,0.8276326301319877,0.5604845343424555,0,0.35249793740592567,0.8288706602050224,0.4344175788062201,0,0.2113342470140358,0.8471840739067433,0.48745972239538304,0,0.9445387413709159,0.17892274077675227,0.2753783195576249,0,0.2730862156332144,0.7518981760164585,0.6000608733572388,0,0.17840344506417594,0.9279352203486878,0.3272742544497899
0,0.16023759040905444,0.8739101948260306,0.45891707965495177,0,0.41918876281123063,0.7060589237896915,0.5707552691563456,0,0.3226881437489175,0.7901514939722178,0.5210882635958619,0,0.5598713804684666,0.09980729374801747,0.8225463764718863,0,0.2558773693395072,0.7273803484849343,0.6367453183949051,0,0.4353893790781009,0.809827489261068,0.3932118083464694
0,0.25698098071621045,0.9493937446556839,0.18058874039871042,0,0.5558962191329585,0.5804538496717112,0.5950232953044544,0,0.4739928502747066,0.7679182738096922,0.4308506732472425,0,0.22132243564544354,-0.3415257296059429,0.9134421467707174,0,0.2606421089022802,0.7410749520085876,0.6187678131354614,0,0.7202108055070853,0.6468875651104411,0.2506648633859967
0,0.17497430187838117,0.9595341074220796,-0.22063157157552502,0,0.7370656381319449,0.4931146693032357,0.46213868914332357,0,0.58219132585794,0.7938247595333418,0.17577119003865868,0,0.035141623072816264,-0.7555137760724314,0.6541895753469203,0,0.254966705049935,0.8063504397501092,0.5336580812006738,0,0.8574041153067623,0.49308736352108173,-0.14738736374213623
0,-0.12714810097789855,0.8464745167521446,-0.5170244219637382,0,0.8462586740448724,0.5177629865926285,0.12556968710041486,0,0.47141659619357734,0.8581366754183478,-0.20339085312571634,0,-0.06815778873975721,-0.9755439588160981,0.20897009415588993,0,0.15485453838719196,0.9156703613667353,0.37090141716553465,0,0.6422301943451977,0.4420812497600235,-0.6261825181861476
0,-0.5117638816010925,0.6522068969608859,-0.5592172145465797,0,0.6149967671131128,0.7147896934664342,-0.33294845029610937,0,0.012360589759495597,0.8772380774072724,-0.47989641733147936,0,-0.18206023091036197,-0.9427294428055554,-0.2794910910715989,0,-0.16929129493961229,0.9700639177497721,0.17411620527002186,0,0.09446646631646692,0.4939205302168749,-0.8643602238488078
0,-0.8425869727794082,0.3991990891989346,-0.36150695772719765,0,-0.2032390494999468,0.865979870447877,-0.45691657087201004,0,-0.6267848651976538,0.6849066083804403,-0.37154228636315584,0,-0.3932878077313375,-0.6356226755739515,-0.6643105558291916,0,-0.6934261410989883,0.7123388948710684,0.10832121534782993,0,-0.5612729803608516,0.49754708324915975,-0.6613770040355963
0,-0.9982355269710461,0.0589680923818838,0.006971138621458989,0,-0.9107236457747063,0.3896063881311441,0.13707407980443076,0,-0.9761487378005976,0.19597822576081286,0.09341400707572522,0,-0.7493036105486564,-0.03784157191142251,-0.6611445489860898,0,-0.9584375817662778,0.07447341838386011,0.27541080554733544,0,-0.968458499620035,0.24220511326842134,-0.05852194135828093
0,-0.8523000865161601,-0.34768506635730506,0.39076803497300366,0,-0.72326375476192,-0.3486418208959136,0.5961026939798806,0,-0.7907194056468652,-0.36677158918161473,0.49014428784049013,0,-0.8526261155312561,0.4013083820175721,0.3346345613299976,0,-0.742190029534695,-0.49617988069134655,0.45051025077839163,0,-0.8207017983513015,-0.26385545387653153,0.5067828505805511
0,-0.44496146953869525,-0.6876273787915413,0.5737402535662275,0,-0.3048271125607507,-0.7571759901025812,0.5777239405287367,0,-0.3750475535601089,-0.7320045805147669,0.5687781875863186,0,-0.059891424083174896,-0.457241090246696,0.8873238432000474,0,-0.38899195438281237,-0.7794222109240677,0.4911071945549953,0,-0.3558453853195095,-0.6949188286176131,0.6248694930779821
0,-0.017404631671832746,-0.8624371363111898,0.5058648680307044,0,-0.05200569796490997,-0.9178869468397817,0.3934195727214474,0,-0.04590847852289887,-0.8932353943268492,0.4472392446124008,0,0.20012762566920467,-0.9609801391847755,0.19096100527703597,0,-0.12211047435396194,-0.8831282901742762,0.45296076557126896,0,0.008217891805754315,-0.9021663712734483,0.431309986897553
0,0.2600916535155437,-0.913701097619365,0.3122541208386499,0,0.022355698810559477,-0.9769806126993317,0.2121534942920574,0,0.11939157366747956,-0.9530078748746863,0.2784270866206034,0,0.020306385836178942,-0.936543882162015,-0.3499617228771938,0,0.026039421806953917,-0.914816788181029,0.40302877387862257,0,0.16125209097791932,-0.9717166636317559,0.1725238788562846
0,0.3673836689694951,-0.9239380901271276,0.10661916050480133,0,-0.05278480057360491,-0.994847857995766,0.08655347635791931,0,0.13431507932312425,-0.9816557197390944,0.13532001836366847,0,-0.2989164766419074,-0.7050606730400221,-0.6430695042717695,0,0.06715046252190858,-0.9222980133719403,0.38060109026809985,0,0.13393730195115813,-0.9897277074806102,-0.04999864189375563
0,0.32832218849106537,-0.9425488156677304,-0.061694980572133226,0,-0.2782491574315106,-0.9594061742713134,0.04601303248794417,0,0.0019683950780492216,-0.9987182158486533,0.050577176205275416,0,-0.6506867053275638,-0.25120297810026726,-0.7165918470813891,0,0.004221260949353009,-0.9099634705217596,0.41466693052616577,0,-0.06046980117474708,-0.9752183486322372,-0.21282052447285035
0,0.14181767883016122,-0.9727312435420136,-0.1835256761557716,0,-0.6434683775492496,-0.7539195864881879,0.1324903928729024,0,-0.3055718590185106,-0.9508182650034962,0.050699762442366965,0,-0.7585805633180676,0.47098592359531055,-0.45025302745358164,0,-0.1684524479363879,-0.8334836531596899,0.5262402233769446,0,-0.44745321332178806,-0.8408626620033471,-0.3045252133020371
0,-0.2270449479919018,-0.9237510335921708,-0.30843900455155004,0,-0.9232758625466144,-0.18025421581587847,0.33921983921847465,0,-0.7666105307631149,-0.6291916773420402,0.12816445406822155,0,-0.25189939670929556,0.9568747403053626,0.14469770317125963,0,-0.42979641912537864,-0.5980694478275821,0.6764524918146232,0,-0.9115746047245481,-0.27914361576883556,-0.3018452944751415
0,-0.5416829264104496,-0.5239025685014319,-0.6573474773306838,0,-0.7063018329679831,0.5442750722028766,0.45266142592960196,0,-0.9827410647930366,0.17024526834739717,0.07236399778046601,0,0.3518337470232685,0.7155728727991082,0.6034637339307128,0,-0.6978290910993862,-0.1827126508583028,0.6925681532035215,0,-0.6423171384259594,0.7268917005351253,-0.24301676768783012
0,-0.014156409160438276,-0.28779703284762465,-0.9575867918699511,0,-0.23687201062462884,0.8989949324061086,0.36837448621040736,0,-0.5198946559613932,0.7859866254656748,-0.3345662435032347,0,0.5182993462736825,0.23528431560811747,0.8221964962714773,0,-0.8933612778229538,0.18971538392666445,0.40732505494763915,0,0.3399529544183948,0.9128123375697466,-0.22628659960912306
0,0.35021442309752127,-0.626841573704048,-0.6960025138824593,0,0.08111989741579428,0.9679328394671152,0.23775108942837428,0,0.09602876681430954,0.6609619370194847,-0.7442498194528322,0,0.3299917467342752,-0.140557147889059,0.9334608375633952,0,-0.9661121791061863,0.23854435757217612,-0.09860956775675528,0,0.8901707465321752,0.4370250985564157,-0.128860797956962
0,0.33985399359907215,-0.8884661158262697,-0.3084270157806274,0,0.21746554650630098,0.9687869490389437,0.11899824979608206,0,0.5254238278146909,0.1349269808114561,-0.8400741104293495,0,-0.06417020955358943,-0.3545317184464168,0.9328394528648963,0,-0.8318160858186917,-0.07126413750643845,-0.550457466184931,0,0.9865513947384319,-0.05979599995433227,0.15212095164413073
0,0.20169962679874268,-0.9776587358237325,0.059166348685627805,0,0.25964215030024024,0.9647343135982851,-0.043285770797262625,0,0.766303401542036,-0.4018913342410178,-0.5012608624729039,0,-0.5193339447827621,-0.42038180836874556,0.7440237825426,0,-0.47667154962980085,-0.49960456121926733,-0.7233114931911616,0,0.7335948365077047,-0.343234168810842,0.5865397865532775
0,0.011048412050542612,-0.9393488947207521,0.3427850442741958,0,0.39751721177644855,0.8834196988037318,-0.2480921242341282,0,0.7838865042545962,-0.6084523376000845,0.12372429557892593,0,-0.8617514643846361,-0.3915866705359834,0.32255897614154,0,-0.02586024718253927,-0.7904711391521744,-0.6119531238445651,0,0.21304024159150553,-0.27523447847620025,0.9374752462441699
0,-0.20143627395337999,-0.8636090096153082,0.4621719442448291,0,0.666450638345071,0.7145572097816484,-0.21272409501162004,0,0.5942623623178888,-0.4906671440598596,0.6372581882349597,0,-0.885151103027767,-0.35432239011278976,-0.30160100907239623,0,0.3717260365270906,-0.8671348427944012,-0.3315070409203839,0,-0.3348421547330177,0.023979451455284413,0.9419690638877976
0,-0.30247242373688,-0.9033157742998088,0.30418915953707854,0,0.8560153248883781,0.5077751703218906,0.09696463252557551,0,0.3070994704938499,-0.42164837602916855,0.8531720589742503,0,-0.28216845014015013,-0.4169885417998193,-0.864003195453099,0,0.6043655510600164,-0.7966991404569037,0.0035721544134224644,0,-0.7583445890907796,0.2098969963043948,0.6171359130200814
0,0.26007123557261097,-0.9651881604973545,0.027834641428766158,0,0.8459739843161617,-0.05534675336980635,0.5303439966207408,0,0.25679858618852136,-0.751854254805338,0.6072640823090778,0,0.7047143294613274,-0.5809767177625337,-0.4072392015385371,0,0.6562771428277571,-0.7189650090855333,0.22888780551282117,0,-0.8930009633360563,-0.4408224798703733,-0.09069079733804204
0,0.852100573425021,-0.38577123612910313,0.3537020867116482,0,0.41446955454746426,-0.8955581001229779,-0.1618353411877305,0,0.8935139477451124,-0.4486631158529238,0.018282058365786134,0,0.5511948143685667,-0.5561512979264592,0.6219967929402177,0,0.734092359027563,-0.6327950312388955,0.24633078747227805,0,0.9201878356148923,0.29163364206429404,0.26115927324660543
0,0.8031746667262136,0.10888715194805026,0.5857081550310511,0,0.5524136294611034,-0.23191507396866465,-0.800658841487259,0,0.9870674047960444,0.1593162104900597,0.017784360103440925,0,-0.08117892420772793,-0.43853073063968584,0.8950423345010554,0,0.87081259464808,-0.43474770272857466,0.22952093580870925,0,0.4961947407530039,0.8423316520713832,0.21040001703363453
0,0.7247129380370214,0.3482249920542251,0.5945843189578609,0,0.7853936805894853,0.1547995929574662,-0.5993278339192201,0,0.9243887225426024,0.37046638235822255,0.09088536283949604,0,-0.5230158356869843,-0.36206992116284525,0.7715956245403265,0,0.9489472534996173,-0.19734638077054587,0.24607624036525683,0,0.49874620353613985,0.8622867022851345,0.08782862586033788
0,0.748592282584982,0.4244351034113809,0.5093765183500086,0,0.9239859550612869,0.2562809339778123,-0.28384861762732144,0,0.9096457781621875,0.38723664932526985,0.15030747050977294,0,-0.8098976131135897,-0.3250759443877672,0.4882535065448188,0,0.9624220324889139,-0.005700119670072082,0.27149832414888836,0,0.6765165615701286,0.7343404408116213,0.055402697677318744
0,0.863907793499219,0.3355022993547896,0.37563483791970076,0,0.9795386570512926,0.1960071558611958,0.04566414559974996,0,0.9385791588237471,0.2707684894840058,0.21390088294408027,0,-0.913433681076498,-0.3281728784685424,-0.24071034899378513,0,0.9517082869980529,0.0988970256387286,0.29063846059846327,0,0.89206608469099,0.43329045801790356,0.12836463506247692
0,0.9791159405450115,0.030926279131475037,0.20093665725730567,0,0.9395888316475512,0.004008097039597549,0.34228170065212504,0,0.9607269890773943,0.018723016615435326,0.2768629644916465,0,0.29676264212532316,-0.49104096396843394,0.8190303449468453,0,0.9514624518900218,0.09271368055714703,0.293467845054574,0,0.962048873924527,-0.05305227052745128,0.26767035841204306
0,0.894110530225197,-0.4477918418778111,0.006987566679075923,0,0.7923042090331708,-0.28480085682887935,0.5395762340002179,0,0.8861881613289145,-0.3512537945953165,0.30214452585289214,0,-0.5774021613822937,-0.40401626053032513,0.7094910889208884,0,0.9644979491642512,-0.051062586300334535,0.25910677015136924,0,0.7441263938248348,-0.5649128538639258,0.35658011379290605
0,0.5236535590145512,-0.8409060849387118,-0.136615908460332,0,0.5470322547483196,-0.5972742142884131,0.5865315210720805,0,0.6374861836651479,-0.7290512730920686,0.24918990115749007,0,-0.7847549066273446,-0.39701757456625286,0.47595880284940345,0,0.9220826486830999,-0.35404165857890973,0.15626289703014462,0,0.3413303486906296,-0.8836117539447795,0.3205056338870869
0,0.08085315170823583,-0.97912018782778,-0.1865111944279436,0,0.2204359641423077,-0.8389260236609302,0.4976053783241412,0,0.24515417799273753,-0.9588309836160115,0.1433268079273977,0,-0.8987062262073137,-0.3758835575561998,0.22591739670752206,0,0.6651622171904068,-0.7466631992330292,0.007300118727802485,0,-0.05925375224484166,-0.9763081957565951,0.20811367024635616
0,-0.2646815512602007,-0.9518006052481067,-0.15498156107044408,0,-0.19726961672175633,-0.8996836970172776,0.3894277129837768,0,-0.1861278408592592,-0.9782509126471935,0.09155096264924402,0,-0.9432366935329836,-0.25707177717610036,-0.21028228967862594,0,0.1595144675492038,-0.9871946409704183,-0.0013694823039231987,0,-0.41321238947389477,-0.9046940526872531,0.10384696537495819
0,-0.5163200948670704,-0.8559432888588986,-0.027832461153691836,0,-0.5554629626524508,-0.5769524086666247,0.5988211880479366,0,-0.5505218007363858,-0.7894104820193505,0.27158210138362215,0,-0.13729460362917137,0.09227775192675226,-0.9862225957225141,0,-0.21689926861873746,-0.9281968361063803,0.302333161784747,0,-0.7840718663216069,-0.6042516907257558,0.1418139721537254
