0,-0.42940920205801775,0.4438029325750714,-0.7865409679258057,0,-0.8297107789096893,-0.30500116144973155,0.46749793034343134,0,-0.7663539627925812,0.6419559157690197,-0.02437633937378914,0,-0.3023462285234683,-0.620667368543803,-0.7234353984444951,0,-0.9134190354864783,0.01616651071906807,-0.40669928638014846,0,0.713502590567404,0.6860520085546844,0.1422908809856998
0,-0.762207606510683,0.5964371752532241,-0.2515994049142618,0,-0.050884645391355614,0.12991860582999995,0.9902181116918564,0,-0.4305541394107211,0.7387764283665468,0.5184906189375674,0,-0.33886571792829806,-0.9248061175093419,-0.17292677707699367,0,-0.8409749013741109,0.1318236719396811,0.5247701732903114,0,0.5063587390805322,0.8620894924339233,0.02006325974995232
0,-0.5219921363218035,0.8528705040648658,-0.01166674394769868,0,0.2080419943050692,0.5550109084507806,0.805407611154879,0,-0.09062513494820479,0.8836169435836849,0.4593562690629647,0,-0.2704075390850331,-0.8915205849376633,0.3634154777088931,0,-0.4520533105098299,0.5655230826450856,0.6898053692547652,0,0.4621344530973873,0.8857259588094818,0.04383232997917133
0,-0.18138525227102062,0.9832408622789345,-0.01835202995734719,0,0.31587020663899723,0.7848823853670855,0.5330906617999523,0,0.12509056736853233,0.9500308787191576,0.2859959430403238,0,-0.017221944879384252,-0.6260321734502693,0.7796070307659516,0,-0.13156089152640893,0.8461601068106506,0.5164347059047883,0,0.45741825886741894,0.8885696522937427,0.034821106778448775
0,0.14680621720815157,0.9826277369207899,-0.1135370654146027,0,0.3265268736544042,0.917408323376195,0.22746905060152592,0,0.25726221228271173,0.963185695167647,0.07803506106758341,0,0.34623279100224846,0.15295578882834635,0.9255956898660945,0,0.10513163750590818,0.9769015700779077,0.18603940758518112,0,0.4298174682855236,0.9028937080974826,0.0063163149542156275
0,0.4001205235671361,0.8952325595095998,-0.19611790080013453,0,0.2347750179055202,0.9708371557272781,-0.04853769696670018,0,0.304910171955483,0.9455697382443415,-0.11369985556105734,0,-0.1536067447382363,0.9085640920613203,0.3884794184866307,0,0.2171417187813713,0.9578367240399578,-0.1881443170682378,0,0.36088578037881264,0.9324122850573222,-0.01920375469949531
0,0.5492773811064875,0.8089755056340321,-0.2094110548394249,0,0.08913987464472839,0.9692763019339564,-0.2292542982313646,0,0.28586005399741415,0.9269553990976526,-0.2429767841015003,0,-0.6642026584329525,0.7293788559140564,0.1638331867360848,0,0.21570754974854503,0.8551071068597093,-0.47144680376421777,0,0.25690355673741944,0.9660647200062538,-0.02682385682376616
0,0.5952803467271308,0.7897897559710747,-0.14789675508129793,0,-0.04286726096507346,0.950520026043308,-0.30769153064064236,0,0.23275483833241656,0.9279322152222844,-0.291147710252913,0,-0.8124349994910222,0.5632403525258424,0.15069730219412644,0,0.17994647467485525,0.7710553949098475,-0.6108132646173549,0,0.13741495947970994,0.9904096904828322,-0.014344821675092037
0,0.5418634148436058,0.8396503505978155,-0.037031451429722785,0,-0.12526844144786037,0.9411695822395209,-0.31385925993080055,0,0.1701937076386337,0.9493576209166337,-0.2641102222325445,0,-0.854792453724293,0.4994135168194728,0.14112405986935242,0,0.17252186671705663,0.7622979641012289,-0.6238092812964423,0,0.024197762940990398,0.9996378245218858,0.011776589226217058
0,0.40321595974876284,0.9111019998222325,0.085498746913699,0,-0.150903971015804,0.950079544989747,-0.27308762279484006,0,0.10949096610526571,0.9775641590050514,-0.17994455637801895,0,-0.8634881554177715,0.49490522169120105,0.09724724672708057,0,0.20018713266316024,0.8289846620205177,-0.5222159917609094,0,-0.06542480741854798,0.9969148530991504,0.04336323609401334
0,0.2250082775794975,0.9565166902923908,0.18559928936501235,0,-0.12439895506290406,0.9729751538811185,-0.19453598615493073,0,0.05665884498407548,0.996378993553609,-0.06339303187391894,0,-0.8449125474429765,0.534879383232327,-0.005180016064223348,0,0.22203149885772758,0.9243021425976572,-0.3104312527829167,0,-0.11946617217981069,0.9900472462676283,0.0743927675422135
0,0.06642136936821776,0.9668033343373853,0.24673774418472064,0,-0.057259910678933976,0.9952063781086713,-0.07928157163465446,0,0.019680397265947447,0.9981388382778156,0.057719506970062534,0,-0.7474865955089084,0.6275389854636126,-0.21784997419738453,0,0.19280097929839815,0.9802439680681156,-0.04415365723984616,0,-0.12860456042025453,0.9864983908081927,0.10139917145598101
0,-0.03169265703078851,0.9633272980371785,0.2664509192078685,0,0.028919529038998287,0.997671807339469,0.0617626560322638,0,0.009771384488439736,0.9874436319870059,0.15766925411597976,0,-0.2944006510975642,0.7805421081412888,-0.5514365548743417,0,0.12452603399410414,0.9765958249297738,0.17536778948094792,0,-0.08354768525878985,0.988926459064764,0.12265497482583375
0,-0.04915614934410604,0.9694389256217141,0.24035773852962766,0,0.10785641314537356,0.9757236227950371,0.1906053673513479,0,0.03850900715687945,0.9759381430613459,0.21462012320787544,0,0.6103047991122498,0.7840451933229106,-0.11314233075112062,0,0.07208421267180157,0.9552783661098767,0.2867875686391078,0,0.02234111738027073,0.9902113169189298,0.1377767118198133
0,0.027669221652138,0.9885730862054188,0.14818119787428588,0,0.1687633861054124,0.9533370753459199,0.2503344568394917,0,0.11233100335370953,0.9720970362457327,0.205934693065087,0,0.4014376539855477,0.7448887114656972,0.5329058242255879,0,0.0726175919873133,0.9581596389212661,0.27686962938580456,0,0.17690724946464065,0.9734458459505189,0.1452825181793532
0,0.19955754274307655,0.9788071939733819,-0.0459702529936439,0,0.21766079966643073,0.956453510544429,0.19447482730628193,0,0.21948224131264804,0.9700170676765867,0.10437640616773794,0,0.11888387869850112,0.8536573486813467,0.5070855494173877,0,0.11991153236238826,0.9836958239510111,0.1340289160884528,0,0.3293627021535447,0.9356429051106067,0.12685647222865673
0,0.3894152171629191,0.8567693823530163,-0.33808580878881633,0,0.24422978179972812,0.969682870962383,0.008181897347662014,0,0.30794509057905095,0.9456274672185091,-0.10468292329777297,0,-0.005151062269419224,0.9578095412131409,0.28735752873131587,0,0.15541764622250565,0.9787757217462647,-0.13357934631796348,0,0.4181924652569643,0.9079577074804648,0.026978944180996178
0,0.4172316938025033,0.6686652211580719,-0.6154709868875388,0,0.21098773962013137,0.9410575934843394,-0.26437620822504326,0,0.29248435281910146,0.8785666818650429,-0.37758904760683926,0,-0.042493264378070786,0.999039981025932,0.010650764958477613,0,0.10933196589678225,0.8995091295665203,-0.423001001251328,0,0.40516688282937435,0.8907128469386014,-0.20608353004755106
0,0.18153437272869596,0.6004778194543003,-0.7787629034959276,0,0.10258676886342562,0.8462858365007528,-0.5227582976791311,0,0.13433782127999613,0.7817323426450496,-0.6089728189635615,0,-0.003277229638157338,0.9583205866447919,-0.2856762380364891,0,-0.006044611556725076,0.7974828106964884,-0.6033113866940996,0,0.251050720549082,0.8150252601305592,-0.5222139035499734
0,-0.23116551267837174,0.6079294543056164,-0.759594815895831,0,-0.04585690691332149,0.7183749962845013,-0.6941430031352226,0,-0.10800588945274721,0.6851631072997167,-0.7203375904663852,0,0.1366020156262908,0.7937448000156577,-0.592713321745798,0,-0.13263097885548247,0.7463104245580557,-0.6522497785693847,0,-0.03228316471387357,0.6456185567644134,-0.762977376098068
0,-0.5774384361768878,0.5699030098360856,-0.5846156102990758,0,-0.19178828924272812,0.5991785631891738,-0.7773045101656784,0,-0.3461265725232974,0.6063608509209477,-0.7159070570009063,0,0.39784261056245146,0.3664169132363612,-0.8411063564824548,0,-0.24803479350422872,0.7525390505141115,-0.6100522261762791,0,-0.34425238046843804,0.445848306892139,-0.826262419442653
0,-0.7603108598112492,0.5188025741413831,-0.3908596749696159,0,-0.3160739269090179,0.5066895967146208,-0.8020990744973389,0,-0.5311398895339051,0.5508625188156466,-0.6437708467381793,0,0.6029280719608471,-0.45739589752491017,-0.6536564334334647,0,-0.3518037499764384,0.7797282611047599,-0.5179362512289158,0,-0.5968808799518366,0.2920838855084494,-0.7472751962792612
0,-0.8324376844192386,0.499273674463208,-0.2403607695667973,0,-0.4163162384250686,0.44308874187636915,-0.7939478298011888,0,-0.6544757195813538,0.5217802008038336,-0.5471809157194542,0,0.2670960620520409,-0.9350668459424943,0.23304438902373945,0,-0.4365492007520775,0.7986794834185802,-0.4141689004367085,0,-0.7686753486148968,0.21256905325659087,-0.6032848465106374
0,-0.8420063573613703,0.5228224713199706,-0.13297352234905568,0,-0.49469079440088515,0.4090819893094349,-0.7667678553236675,0,-0.7229987687021496,0.5240863674282237,-0.4501180511055565,0,-0.21348199091527906,-0.5287656636352643,0.8214817785655426,0,-0.4881946074386797,0.8091182540294715,-0.32709887842072016,0,-0.8712168569309161,0.20680834751270666,-0.44520949630312145
0,-0.8042004034835577,0.5918025240169873,-0.05505891030529198,0,-0.5523314184843288,0.4126041217394672,-0.7243533964017096,0,-0.7416032422268793,0.5658475211631384,-0.3603348635812418,0,-0.3774051395444842,0.005258581268244736,0.9260333190379565,0,-0.49398464917212664,0.8276745827545068,-0.26633428514640023,0,-0.9164033279324811,0.2716703062166201,-0.2939390842920374
0,-0.7074281493126239,0.7067170517278947,0.009819488639866791,0,-0.5885938974456127,0.47144319571001736,-0.6567332313112451,0,-0.7042666216914031,0.6561282705444498,-0.2711166135885584,0,-0.28086711049976193,0.40968608302398524,0.8679118501414639,0,-0.4420718972168244,0.868269743802179,-0.2251223882442968,0,-0.9002232668056259,0.409880082528011,-0.1469570952646999
0,-0.516999950155708,0.8515789004084705,0.08674346037653613,0,-0.6024684196769563,0.5976425275498978,-0.5290134332469454,0,-0.5916271406294655,0.7908636776801267,-0.15656298986946818,0,0.05607742150875504,0.6587437946413185,0.7502745736185427,0,-0.3214264117855469,0.9283944331018832,-0.1864640404799313,0,-0.7895540790319447,0.6130079058789498,0.028734362946168553
0,-0.20520149035475999,0.955766271322959,0.21072062774582245,0,-0.5927588647135245,0.7482164058499454,-0.2980086212184528,0,-0.39363263658237513,0.9190324723108025,0.020800534981145126,0,0.6206505797309769,0.5620301093315735,0.546731208258996,0,-0.13765659828273596,0.9814834255232054,-0.1331951439522467,0,-0.544337592644085,0.7868431990169003,0.29081672131308545
0,0.15500068215128074,0.912085717534133,0.37957137985217376,0,-0.5591562992574509,0.8290622574733478,7.895510240605566e-05,0,-0.16572770145848,0.954731284478934,0.24702733331858964,0,0.9549881058365169,-0.12606851106218797,0.2685227145500817,0,0.059493776901071806,0.9956779296770277,-0.07131585282469274,0,-0.255895744884987,0.7615581598732339,0.5954381049951802
0,0.42064186595895603,0.7542802778652359,0.5041048333691219,0,-0.5100304823214341,0.8197363685041612,0.2605785740512355,0,0.00459638807906403,0.9030823602873183,0.4294428061506131,0,0.6005014466506964,-0.7916768031846106,0.11245377659205658,0,0.1869047627039458,0.9815401354916151,-0.04056565169800012,0,-0.07200030060521942,0.6076619298949157,0.7909253666871133
0,0.5873278801835063,0.6372060378031176,0.49901345327195423,0,-0.4594131571340401,0.7698042392088023,0.44310380764363905,0,0.10455040860721376,0.8531751792739533,0.5110394559433965,0,0.12993130411560871,-0.9895126837877637,0.0631070902035148,0,0.17960521679698238,0.9812994434120056,-0.06923415673348737,0,0.05347534243642731,0.49142692867961973,0.8692755383190204
0,0.7082230051468967,0.6289768752054874,0.3206372801740923,0,-0.41512598760762176,0.7087981432945681,0.5703293841938792,0,0.1597055614365258,0.8502788141373432,0.5015177682549614,0,-0.18662882563502228,-0.9821836207835657,-0.022023090304885994,0,0.017563280294426876,0.9922834266373495,-0.12274010105152751,0,0.20670556491615588,0.42923525350480213,0.8792211932053055
0,0.7070025826800358,0.7052599986126806,-0.052494594394097586,0,-0.3761223757643613,0.6366579701376376,0.6732002581027399,0,0.17494207942933573,0.8862652398919642,0.42886966948500743,0,-0.44709763065924624,-0.8802503234436179,-0.15894362754226488,0,-0.2445077101708048,0.961647684212597,-0.12429686687756467,0,0.4278381211620691,0.3819368041790214,0.8191940061389771
0,0.4107911868860045,0.7810662916450024,-0.47030420881883667,0,-0.33537086339606603,0.5397437589665913,0.7721418643239023,0,0.1385518615071476,0.9333562134687315,0.33113375009535895,0,-0.690506310977536,-0.6822688677977636,-0.24022952885553442,0,-0.4940302247359997,0.8686755436657843,-0.036564147525301204,0,0.7147386324110931,0.3113634693501976,0.6262599119322015
0,-0.09486255506499379,0.7852198485925348,-0.611907578824497,0,-0.28297229770363796,0.3974059174483805,0.8729233732174516,0,0.04957750847389483,0.9629772419463661,0.2649847205913788,0,-0.8624804048203021,-0.4607215902962054,-0.20943535407362215,0,-0.658059971962561,0.7436126233494107,0.1183103532918426,0,0.9585195056381289,0.20860483073433386,0.19422765484229285
0,-0.4952526975393424,0.7513891174252543,-0.43604949236858664,0,-0.210730618470729,0.18985430724069705,0.9589306275539953,0,-0.05941125791974473,0.9542603433200423,0.2930145040763481,0,-0.9521815165637402,-0.28544665813924497,-0.10895212192294942,0,-0.7281034791686288,0.6116226192055597,0.3094884413005907,0,0.8915792245513475,0.16867116420736403,-0.4202814827152754
0,-0.6858448645138159,0.717523843830881,-0.12155803286571785,0,-0.11991606916593638,-0.06815272364023109,0.9904419935645947,0,-0.13426433587182535,0.8862413324843847,0.44333890953671073,0,-0.9834832459324807,-0.17974032044879795,0.02131014254000807,0,-0.7186494185341666,0.4671636337703428,0.5150739291820089,0,0.5042163419006126,0.336642224108963,-0.7952596390533944
0,-0.7258858309949251,0.6521826232423984,0.21851221087497835,0,-0.016590832164276537,-0.2768854824672097,0.9607596858148231,0,-0.16544096758999402,0.7289479527178712,0.6642771774427528,0,-0.9742253392428962,-0.1624927329805659,0.15646437327893645,0,-0.6523094546212544,0.29105798355621704,0.6998411431317185,0,0.20762615596735728,0.6754513065602863,-0.7075711355222319
0,-0.7155082101311458,0.49859328526123503,0.489339081953744,0,0.10830753267626292,-0.27969495093222063,0.9539602784123683,0,-0.2366456729887088,0.5192966185795134,0.8211758930872267,0,-0.9327576236834351,-0.2691993925954017,0.23978094688005938,0,-0.576018478655253,0.10366551684559495,0.8108367115916888,0,0.045030396756040696,0.9808033694388778,-0.1897287902911349
0,-0.7507794889370156,0.34472010033029676,0.563469796368664,0,0.19155027618386503,0.04592951449805853,0.9804075537203176,0,-0.3815104604936554,0.42381308281369245,0.8214817340451784,0,-0.8692434047577978,-0.4856736639370484,0.09239586269435583,0,-0.5431433324571914,0.002362544953766249,0.8396366707026548,0,-0.285939842182752,0.9125223237211615,0.29247464054689376
0,-0.7853417025069992,0.3817619411789968,0.4873358498721923,0,0.04233968794744642,0.522644283844934,0.851498856950923,0,-0.4981607572610315,0.5038071556087842,0.7057012185638492,0,-0.790421979268649,-0.38419873396136994,-0.4771000183520344,0,-0.5561952465803781,0.08994075740655744,0.8261703866869878,0,-0.48781017671401755,0.7971328022478602,0.3558377819663237
0,-0.7239430877923295,0.5737663917445075,0.38301244541423946,0,-0.24245206940623,0.7570538622359961,0.6067012804619734,0,-0.5377116219954592,0.6529673820854057,0.5333852355507642,0,-0.5903300192897529,0.48251449905508553,-0.6470627686144367,0,-0.5857113513731008,0.38140844012459785,0.7151711785820353,0,-0.5151620077519431,0.7915377550476601,0.328749278483006
0,-0.5678622748175496,0.7881681511099706,0.23732551994028864,0,-0.4549509612692419,0.7821541057625542,0.42574003532551635,0,-0.532772510370358,0.7755619629719412,0.33861053407236996,0,-0.17693232711435222,0.9838199825476448,0.028163692262411034,0,-0.629713070346049,0.676587330635828,0.38169494764594,0,-0.46743593548380236,0.8318172072641883,0.2993054959695676
0,-0.3976457739044117,0.9175304908599524,0.0039543442258523276,0,-0.5710530887520985,0.750083119723817,0.3335771025296461,0,-0.5242048091146512,0.8376188483227189,0.15363587808709997,0,0.3618179191724375,0.6882896231713916,0.6287648113566083,0,-0.6981606872935017,0.7158987192257927,0.007789642400970026,0,-0.38394225334263615,0.887599231276267,0.25447190559265814
0,-0.34571950333460044,0.900992801115318,-0.26208776650666094,0,-0.6099432925146164,0.729963558002967,0.3084191691579467,0,-0.5328046362252027,0.8461211013648211,0.014081954484791777,0,0.831089439117391,-0.07559269118234134,0.550977394479439,0,-0.7692345193710582,0.620299448738374,-0.1533194315892373,0,-0.28550843220316513,0.9444809335217824,0.16260596961585816
0,-0.46823808620634655,0.7929965774246954,-0.3897557219830612,0,-0.5586718798838646,0.7588369153242609,0.3347420896275061,0,-0.5536260658138037,0.8314997748998245,-0.04589448325311955,0,0.6547432111361017,-0.6574022754952366,-0.3730061335217844,0,-0.8153467332806821,0.5690882956149759,-0.10652800722139814,0,-0.2183972225197266,0.9757939286407409,-0.011351740991476568
0,-0.6444432402897057,0.7134173217224056,-0.2751883629649598,0,-0.3343153291433165,0.870465587866035,0.361279560784767,0,-0.5459056550818193,0.8378150429043373,-0.007278023969000341,0,-0.3789999267728845,-0.402830260503917,-0.8331187410738606,0,-0.7858008742010997,0.6086629486712112,0.10975609787002276,0,-0.27620314300985727,0.93453381383838,-0.22440671688737066
0,-0.7080482165904691,0.7060028714183566,0.015088688879140486,0,0.14749039091313138,0.9805893448025743,0.12919412311691886,0,-0.43200863619069,0.8971335029444605,0.09230393356332052,0,-0.9299083364479724,-0.16397076572115388,-0.32921736557080816,0,-0.5445691423733401,0.6950924893596636,0.4693515531140284,0,-0.44270309597551044,0.8432453763843206,-0.30487899898183124
0,-0.5931066847800675,0.73333188268132,0.332338397288469,0,0.4259332513196731,0.7754947049600039,-0.4660352218440667,0,-0.17918290621298325,0.9745105447790224,0.1349914228222009,0,-0.967628096633745,-0.23790105316499696,0.08425529958371185,0,0.035796729020263554,0.6572044092878945,0.7528618456290633,0,-0.5488068879530305,0.7967517629552503,-0.25297752462029266
0,-0.35300910903155824,0.7612870981461017,0.5438993685756891,0,0.34327063793547163,0.48934278573186013,-0.8016912792238401,0,0.10471549278837348,0.9930585072716058,0.05356740338655591,0,-0.8835798107610116,-0.37848656388839624,0.2757437922628355,0,0.6184818239662155,0.4364844363796303,0.6534229642595825,0,-0.5517841611748829,0.8076942447680795,-0.2077600694191555
0,-0.09866350095043482,0.8065577119795978,0.5828637669528273,0,0.3176322119774293,0.34562103184610116,-0.8829812457011541,0,0.30047011181251104,0.9503132344606681,-0.08137854948498667,0,-0.7806364716528913,-0.4859600048788672,0.3930007287314567,0,0.8610476875397629,0.3127557888168931,0.4009746829214404,0,-0.4811786599649631,0.8457834165666335,-0.23047236158636192
0,0.07592331725128246,0.9007554847569463,0.42763910786765047,0,0.4366045400329548,0.32171930923890835,-0.8401625805077562,0,0.3840396425961982,0.9021725417321428,-0.1964643933621292,0,-0.6393830518905057,-0.4942677657211927,0.58897257043445,0,0.8664774563744347,0.4388519818764662,0.2379616683375447,0,-0.34444069803429106,0.8777633086013577,-0.33300477415623947
0,0.11590522980417584,0.9904851108270875,0.07419718952826651,0,0.6240877187537069,0.44860763604294085,-0.6397387812105488,0,0.36386185550657263,0.8844324417575163,-0.2922050753737028,0,-0.3679078009985406,-0.032174792960731016,0.929305457135786,0,0.6501430377898196,0.754711455075407,0.08788998800424927,0,-0.1378493519838983,0.8529165453009412,-0.503518542766328
0,0.03169567942623664,0.935137099923561,-0.3528653967907042,0,0.5866810937325254,0.7394101298824264,-0.33026951734009746,0,0.25903601589953507,0.8720101660197181,-0.41532952318028066,0,-0.3155446870916878,0.8962607386561509,0.3116861222315487,0,0.2551844837143053,0.9496084415917503,-0.18200188715821342,0,0.09612176252600035,0.71511127590278,-0.6923701826664646
0,-0.09008241970269797,0.7731173069022914,-0.6278334073849967,0,0.31481365248034665,0.9043625258246734,-0.2881332783556951,0,0.13786316499135381,0.8084550799843079,-0.5721836517990821,0,-0.4666455008249841,0.8466957367017974,-0.25563314732405124,0,-0.009167573188090377,0.8995321813130414,-0.43675829744155154,0,0.2246149653384548,0.48245765667918744,-0.8466302184883506
0,-0.20825624099271692,0.6806194683481733,-0.7024147474199509,0,0.2712420040904849,0.8551694549265653,-0.44171594784157253,0,0.05964234301266071,0.7101831771876601,-0.7014860267743047,0,-0.42742639301204916,0.8681006899118054,-0.25240418128738806,0,-0.06625026654860099,0.8348717679210946,-0.5464430741719991,0,0.11255766328289668,0.22455035870205872,-0.9679400337020216
0,-0.35010714732563974,0.7103179949746552,-0.6106335491984441,0,0.4603920811723009,0.6948937767428505,-0.5524144916979418,0,0.011250186017296462,0.6407684085091021,-0.7676517960451135,0,-0.22146673391675284,0.964081777457743,0.146624732368604,0,-0.0018171207891085716,0.8628929982243583,-0.5053833907910066,0,-0.18981117458402066,-0.0496294084367239,-0.980565469421219
0,-0.5411184170827478,0.7752373732964638,-0.32588015241536383,0,0.6971749346082433,0.3982330216919766,-0.5961187557761201,0,-0.03875847345206095,0.6393208617155112,-0.7679626400489817,0,0.08343657521021212,0.517800798296335,0.851422733547131,0,0.1547697061141957,0.9477041072303336,-0.2791115605059779,0,-0.4501212275312283,-0.24498615299098567,-0.8587040615767795
0,-0.7286091304585602,0.6699563341894531,0.14243330120393305,0,0.7561495582177106,0.011386705299907304,-0.6542997696389431,0,-0.09588518571545816,0.722837964925998,-0.6843327462732978,0,0.11740587528059634,-0.5042098272218706,0.8555631540584765,0,0.4257878704515422,0.8874035754474324,0.17669064394996656,0,-0.6055526247299745,-0.2947610932974455,-0.7392035690936115
0,-0.7652982208759478,0.2820540359831105,0.5785880692770525,0,0.58518941305388,-0.19145594691886486,-0.7879707933921515,0,-0.10662014784274187,0.8768361626659608,-0.4688181821508471,0,-0.003631366662794206,-0.9655574833937378,0.2601644853520788,0,0.7547003175061796,0.36232205074240226,0.546946215181979,0,-0.7029658682983752,-0.22437172290902008,-0.6749046732438214
0,-0.5750455616153345,-0.18617850365132607,0.7966556137030967,0,0.4233117123203008,-0.05429721546257588,-0.9043555753161836,0,0.0582841505306978,0.9888113581710998,-0.13731371289401426,0,-0.012369786875568346,-0.9613675486773242,-0.27498986294553796,0,0.9358553523585986,-0.18814619407850758,0.29795262897906405,0,-0.7593352456296624,-0.03959950326339174,-0.6494935442988121
0,-0.10805582108595042,-0.49145304180863303,0.8641746624534205,0,0.43746935603986165,0.28835086866525805,-0.8517478142420207,0,0.3992744931006631,0.9143009155536712,0.06807139617289484,0,0.16126735908745538,-0.7069800716497372,-0.6886014937415474,0,0.9818787691737315,-0.13669763388851808,-0.13125486480568516,0,-0.7192634037299978,0.3184626074793656,-0.6174477497668786
0,0.7998270333584304,-0.11653148444711812,0.5888099267519216,0,0.6029386324070363,0.6124706040906447,-0.5112189009377235,0,0.6621356745977288,0.7491973993304435,-0.016721401302239963,0,0.6025905364315766,-0.005366513897491734,-0.7980324842584372,0,0.9015848860629485,0.34222976575017344,-0.2646195016574583,0,-0.18387667515608438,0.8888765340359454,-0.41962825878840504
0,0.18519617072780226,0.8224478064427517,-0.5378494064561797,0,0.7612465639531331,0.6398863951292952,0.10511455749792281,0,0.7186079344480211,0.6459207674865302,-0.257660626945524,0,0.3256033226686675,0.7989895566196871,0.5055671712836974,0,0.5263189928860408,0.8490624424799551,-0.04562111898448697,0,0.9941398536905867,-0.005558480417276443,-0.1079585781654688
0,-0.5987133541895335,0.4418944560574067,-0.668035634693874,0,0.7134878641210962,0.2270309570191287,0.6628665116800627,0,0.6006064338837273,0.6132003889690767,-0.5130859523955467,0,-0.7289315764666127,-0.05043122495782705,0.6827264813811984,0,-0.09733877900284767,0.9672974287102286,0.23422392386947802,0,0.3097674988978609,-0.8255695667533198,-0.47167678242340866
0,-0.7283495778230521,0.19634495024094345,-0.6564720504331185,0,0.4807603445818062,-0.33865423266520284,0.8088156784926496,0,0.3736972306178654,0.5951395429645917,-0.7114487361914663,0,-0.9120476473633209,-0.3804088233046234,0.15316075244991273,0,-0.5989891100054154,0.7606172466221851,0.2503466601251285,0,-0.12309688051836636,-0.7099011491729667,-0.6934605370239525
0,-0.6967332106491505,0.13436555638987555,-0.7046337562411881,0,0.2553739158144953,-0.730203811772482,0.6337085737107466,0,0.1263892892836312,0.5421195934014489,-0.8307418937339242,0,-0.9021937011652424,-0.36119983230434144,-0.23575666845516063,0,-0.8164596127816699,0.5770521511000174,0.020112573362155294,0,-0.29331622327886847,-0.4879575623181015,-0.8221088799775836
0,-0.5843660174534848,0.19602724697333576,-0.7874577297160833,0,0.16400411630330175,-0.9100656961773833,0.3806350988502608,0,-0.05164534567932227,0.44634412575094357,-0.8933698448443897,0,-0.8332908421005211,-0.14830637255804935,-0.53257073927327,0,-0.7498978071200008,0.5651543040394995,-0.34388063554414194,0,-0.3560841387627459,-0.22571527735240757,-0.9067837116376316
0,-0.36731159359099175,0.3693063813590981,-0.8536363335174381,0,0.41576832095178234,-0.9081430673806776,-0.04912099817134832,0,-0.11194703723949467,0.34294231266652264,-0.9326620132911152,0,-0.6174863049870232,0.3260835649125915,-0.7158073566591563,0,-0.3021365296108698,0.6301475775193711,-0.7152814467195189,0,-0.37880905056297204,0.11863350751029836,-0.9178397431509402
0,0.00427434574127586,0.6324276950561021,-0.7746076042064847,0,-0.08765756735368876,-0.8140470768163958,-0.5741458940132855,0,-0.06389550429784792,0.2838919519458198,-0.9567249992296197,0,0.1364716007204118,0.9558059134099818,-0.2604046045816372,0,0.41692562412080375,0.420978261488304,-0.805574532433693,0,-0.46723674623214706,0.5445583252474019,-0.6965242661775259
0,0.45532086313792114,0.8271642500156112,-0.3293663842705413,0,-0.19045401552065375,-0.7643443163210932,-0.616039799103677,0,0.033321586501130235,0.3038120566503321,-0.9521490986746471,0,0.6105103732829715,-0.03806515490030111,0.7910929958584534,0,0.7941961820350062,-0.0471793506296497,-0.6058271480506496,0,-0.7691043817414827,0.6154805762509531,-0.17222691498092424
0,0.6067797673287743,0.6854201192594207,0.40251406692790315,0,-0.2148551601439989,-0.6738260541277415,-0.706962310832858,0,0.10228000336382044,0.3964434017466419,-0.9123439209659083,0,0.09851440763639291,-0.8481048450917803,0.5205891693263489,0,0.8055442988590388,-0.3819714319236551,-0.45298588032066955,0,-0.9795262366167445,0.20056469041550679,-0.017382656240321214
0,0.32309138164518747,0.33814404979409335,0.8838951072924061,0,-0.23910519039199882,-0.5635497790090337,-0.7907214139673184,0,0.08726521343330962,0.5230937827512495,-0.8477957755093071,0,-0.20442140989195806,-0.9670602860149701,0.15167824626632687,0,0.7376889494227085,-0.5307986432347438,-0.41721435047200384,0,-0.9861220204353098,-0.03564664825106333,-0.16215016892080936
0,-0.08150727331371116,0.10105141881312506,0.9915367744833363,0,-0.2833097567971287,-0.43866285153440376,-0.8528250022057617,0,-0.03384213115325922,0.6370301002672544,-0.7700956833488274,0,-0.362615208554373,-0.9278474881509164,-0.08723101086828886,0,0.6956909533471668,-0.55588489298233,-0.4549792118162476,0,-0.9521040132416064,-0.09205313582117508,-0.2915890398398322
0,-0.43958992558848775,0.03734892129140937,0.8974217266143472,0,-0.368346826609572,-0.29816452912769453,-0.8805785194386232,0,-0.25903962288531485,0.6917730827679329,-0.6740537632364233,0,-0.47710192008249824,-0.8467967516900912,-0.23517869627307614,0,0.6957713670143815,-0.47198207452812446,-0.5414195472709371,0,-0.93195979816564,-0.07905229768917887,-0.3538384784518504
0,-0.7313382076744476,0.09397745680605551,0.6755091883962736,0,-0.524013724860874,-0.13927618385526203,-0.8402450599486719,0,-0.5563461960087398,0.637886214927454,-0.5325223816818696,0,-0.6065811934466858,-0.7350531587203127,-0.3029127095585216,0,0.7133929966097344,-0.19822881004217208,-0.6721426718022354,0,-0.9387258491106215,-0.039340151784811386,-0.3424122262260664
0,-0.9231037305851533,0.1718943932636596,0.3439939245746805,0,-0.7733447587304539,0.025676905870130315,-0.6334655323291651,0,-0.8371373845291407,0.4461436623965317,-0.3164756419175408,0,-0.8074886630453598,-0.5364087469480446,-0.2454133558933705,0,0.40441106755736356,0.5411553969156288,-0.7372940558733685,0,-0.9712658703487476,0.02229930132447184,-0.2369501007725686
0,-0.9809542120737201,0.19179545700633877,0.030713783331856672,0,-0.9920520871018598,0.0987296675040428,-0.0780071101335319,0,-0.9839720313674621,0.17158737628428045,-0.048547026546089486,0,-0.997348577303845,0.034406558713053086,0.06412490988314783,0,-0.9398037519771403,0.2945861554260006,-0.173170161404955,0,-0.9918574567931466,0.12701015123096326,-0.009338462834927347
0,-0.9659146546911237,0.22398307849109986,-0.129770799498875,0,-0.7647980191136552,-0.09470065976712422,0.637272135746967,0,-0.9814083862996839,-0.05319435521603569,0.18441241789478438,0,-0.32834310868196565,0.92672978341686,0.1826546235637157,0,-0.7952953050800263,-0.5658489129672927,-0.21753249277154244,0,-0.9094243254853276,0.28634476646134466,0.30158592628926634
0,-0.9231507290724015,0.35335698634447266,-0.15143173912573865,0,-0.30660698624912824,-0.37932029377809345,0.872988127474439,0,-0.9404855343735827,-0.1397355668522221,0.309775613937774,0,0.27296595798728146,0.9572277694549644,-0.09594051888727398,0,-0.6476563353689526,-0.6237604473306411,-0.43756619568053656,0,-0.7179761817585637,0.42531441106443757,0.551015293951361
0,-0.8229483954069777,0.5633140620307994,-0.0737102843261459,0,-0.1915756872063163,-0.5931777731271706,0.7819455770955667,0,-0.9519252841859864,-0.07458842360719109,0.2971107880761368,0,0.4321321641697118,0.9016130173796646,-0.01886159011160408,0,-0.6679442260673608,-0.36034098229195716,-0.6511565766727245,0,-0.5750251960913059,0.4507621794732906,0.6827587285539778
0,-0.6350889748228185,0.7691253974415572,0.07147109254004773,0,-0.45114803962015293,-0.7851377689590117,0.4242925053556316,0,-0.9839968526773446,0.12976415120416296,0.12211248496097103,0,0.5585748080458394,0.7567359709846679,0.33962457807768504,0,-0.5684236517184099,0.19751042598517138,-0.7986765201220476,0,-0.5848363701724202,0.34919775953168,0.7321388835880818
0,-0.3896839532199742,0.8944066943747223,0.21950645015701767,0,-0.5720103956897268,-0.7207219581592391,-0.391617116901182,0,-0.8947765826296759,0.40192119369811585,-0.19451020855944984,0,0.7427258407829692,0.29568938175192955,0.6007712667499947,0,-0.10303301698435785,0.6577348493469024,-0.7461695955784506,0,-0.7365369538719762,0.135619369831096,0.6626618308817906
0,-0.1567704746944084,0.943488021335322,0.2919818005644333,0,-0.13285874065993353,-0.35294934687097584,-0.9261616022993009,0,-0.6125595713187529,0.5923050905021715,-0.5233979856199296,0,0.9090052273950407,-0.10829719752580413,0.40246889765116894,0,0.3280295790037236,0.7134195108038089,-0.6192165993439562,0,-0.9128317587920594,-0.16494869558931602,0.3735372912628389
0,0.008793920148192443,0.9717237720425815,0.23595672869355597,0,0.32846770895722915,-0.0695272175851713,-0.9419527218429029,0,-0.24201750952665083,0.6192070415870314,-0.7470007796057203,0,0.9906489354405517,-0.08937710893524169,0.10308452409978815,0,0.5324241486053322,0.6488539655200141,-0.5436111270116163,0,-0.8541783097030914,-0.49932599018830465,-0.14509641882292978
0,0.06694863419302426,0.9972998593182372,0.030180639216446228,0,0.647208236405686,0.08996332033760568,-0.7569861951994074,0,0.11378276999507575,0.511521133271873,-0.8517039459040369,0,0.9840557470071195,0.17778716179058762,0.005100184771870775,0,0.615810801759855,0.6103416522378549,-0.49825708623104376,0,-0.293913687280953,-0.779094240838558,-0.553739025463354
0,-0.0029995835083789614,0.9621813063198758,-0.27239334842714796,0,0.8677830363595768,0.18567035613937938,-0.4609545754818246,0,0.4387961331537096,0.31425559165960504,-0.8418440334408884,0,0.8654365188453668,0.4901663457493946,0.10371395925090268,0,0.6617257044568451,0.6062157396996096,-0.44115934649687183,0,0.46725390551449614,-0.8542845677029628,-0.22775351844924874
0,-0.10588396038840006,0.8502535411534555,-0.5156137146047193,0,0.9637862559066813,0.26483529055016264,-0.031278136207132406,0,0.7423953731434996,0.06924605975375472,-0.6663738388800264,0,0.623475815596013,0.7286828275592903,0.28337121270002763,0,0.7123737434019336,0.6259839269745032,-0.3172818508536152,0,0.5138913074082426,-0.5956593432076863,0.6173375665060687
0,-0.04114551186676343,0.8114700724454629,-0.5829437094424962,0,0.7949260354052582,0.37918950874472646,0.47361156520170744,0,0.968028912254157,-0.12035826580334222,-0.22007706126001791,0,0.33975606765041105,0.8454009556762957,0.4121444390457492,0,0.7423934434082919,0.6687797282239949,-0.03982022477358419,0,-0.0679233491160953,-0.11829666006812908,0.9906524712842433
0,0.2893147723817348,0.9136377755838573,-0.2855923274667685,0,0.35291085427125807,0.535729527318298,0.7671035148510557,0,0.8747123384916643,-0.04996387632723091,0.48206009578972764,0,0.1602572488075159,0.8626270162155418,0.4797835398382455,0,0.588190432208558,0.7058230663083048,0.39477311778469903,0,-0.4951240841071492,0.41784887584689295,0.7617443523194277
0,0.4382413463846702,0.7634492658834074,0.4744362346417455,0,-0.04343499172138436,0.6525882346264983,0.7564667854712683,0,0.2168370259355827,0.1975175045599527,0.9560170184551215,0,0.10168949194831482,0.7965880663464359,0.5959082981312976,0,0.21569022968433876,0.6463710476660696,0.7319031312665527,0,-0.30638323738515727,0.89337186396832,0.3286579141282921
0,0.1595000130381803,0.40675362837365475,0.8995061042848387,0,-0.2562043629723275,0.6848638038416306,0.6821443355929276,0,-0.33182985423944444,0.08778648937825788,0.9392456974179173,0,0.046994500299988945,0.6362772957904848,0.7700277396322175,0,-0.10197677884286856,0.49057112034104355,0.8654136077415042,0,0.4665609666877586,0.7908966108895094,0.3959841098413827
0,-0.09879217741591884,0.22945603706905232,0.9682923281395898,0,-0.34822594093008846,0.6164358021500721,0.706219226508987,0,-0.336620211681709,0.04379531751626341,0.9406214983993354,0,-0.06747045789966757,0.41356051628244384,0.9079732576915508,0,-0.24174736472236316,0.3273866056798534,0.9134419642600272,0,0.28828804722089174,0.19807407574968658,0.936833316201699
0,-0.25744005891609406,0.2189383600768881,0.9411644970737691,0,-0.10724368830908595,0.3295233403646713,0.9380368646661881,0,-0.2791490878582912,0.24749733090719991,0.9278043209328657,0,-0.2282086787139728,0.2025653258074596,0.952306719361016,0,-0.2362423284980966,0.24196072344753206,0.9410869091293027,0,-0.2855139129865018,0.18193259948638504,0.9409475727878057
0,-0.3446538027430466,0.3311355468122955,0.8783865925047349,0,0.26035667714549277,0.9643000761017257,0.04837110600310468,0,-0.2869807201648588,0.49625489629718916,0.8193736291550546,0,-0.39562173459339994,0.09589238697155227,0.9133937230122656,0,-0.1484134298822683,0.3191127753558428,0.9360237659564377,0,-0.5160344359355277,0.38268710915842413,0.7663282830567264
0,-0.3421458492888432,0.5489556859086291,0.7626164650222307,0,-0.4562584625184237,0.887251822982205,0.06791478480477287,0,-0.32662420094020034,0.7134394909354091,0.6199360645534341,0,-0.4499533496075787,0.18806826705503404,0.8730248049762599,0,-0.03505570090348973,0.629572373172038,0.776150581248699,0,-0.5364688319236188,0.5666375582926642,0.6253983289925195
0,-0.1739611422652484,0.8016404883739691,0.5719353533235325,0,-0.7459862182903597,0.6651853976178279,-0.03213952266073231,0,-0.3334876932165574,0.8858374405648632,0.3226112015516388,0,-0.14397004407052855,0.29172917976886276,0.9456038875140673,0,0.1531341370278974,0.9651760026740765,0.21209719455667542,0,-0.48208396829343053,0.6930462850508675,0.5359868415284558
0,0.1444759548518359,0.91317179426199,0.3811088724157282,0,-0.7678531442836848,0.43849865517666364,-0.4670337013770161,0,-0.17965775485390478,0.9832724421183074,-0.029973249599504415,0,0.29380653377734295,0.0448855189422497,0.9548104581009931,0,0.49608492575595464,0.8161410381115811,-0.29633351539753233,0,-0.43435420917267553,0.7809160462869943,0.448894809087239
0,0.3632378611728388,0.8875151343530717,0.28350510137355656,0,-0.12426773190625723,0.5406151925965089,-0.8320413116791221,0,0.14677909481274173,0.9719634624504507,-0.1836924739538436,0,0.6329395468721037,-0.18661524428104362,0.7513735958943873,0,0.6616730546772788,0.7093887024175134,-0.24280946768286368,0,-0.3707839733552537,0.895519505197684,0.2460976653960497
0,0.3586297971253069,0.9218204499371747,0.1470772813574073,0,0.36012005002045766,0.866817780342272,-0.34487749311278615,0,0.3205469658017228,0.9434853324738138,-0.08417285858331107,0,0.9318799201421518,0.23354779479837853,0.27758825980338425,0,0.5146960269532606,0.8547788283917618,-0.06664198655303886,0,0.003005656813960648,0.9987973781086025,-0.04893632097428018
0,0.20379421110166207,0.9527171742582824,-0.22538390668981742,0,0.27566406889458905,0.9431412392811319,0.18572539914543176,0,0.28615541607503264,0.9581351678960061,-0.009595722579218403,0,-0.5026005112508981,0.7447837323420929,0.43896459780820296,0,0.11216385027761533,0.9932702461508368,0.028870206136377696,0,0.5262953279437407,0.8500924697047834,-0.01886851175404835
0,0.052991966049100364,0.6769594005983809,-0.7341102243367355,0,0.04722828338283618,0.8736917345750509,0.4841820341400016,0,0.17151107868884974,0.9840305055529208,-0.04762262097207923,0,-0.6750321492937034,-0.2549625492222229,0.6923335149435054,0,-0.39393671143679426,0.919134618994956,0.0023279921307936386,0,0.7701418353604675,0.6195331141622189,0.15185609597271205
0,0.03946263665019347,0.17260028581475348,-0.9842011184942232,0,-0.1917747784058412,0.7569581873741044,0.6246893123262963,0,0.034657604081903284,0.9818414408833971,-0.18651068452857203,0,-0.48150481414741914,-0.6366307221020079,0.6023740014548562,0,-0.7842939953601804,0.6069028382263493,-0.12865408580673585,0,0.8587388716029964,0.44594567466220225,0.25238860047174394
0,0.10182013300172199,-0.2027109430636255,-0.9739306618429094,0,-0.42331390200770086,0.6338879618189514,0.6472954443127419,0,-0.09977051881329468,0.9084924195929495,-0.4058169132969628,0,-0.33675865189946574,-0.8158121444412502,0.47015333174723245,0,-0.9304080151037997,0.20214697770673218,-0.30574094399448937,0,0.9013977532361149,0.34594460122354365,0.26039282506468475
0,0.15190524047255996,-0.38313355402131216,-0.9111166103743099,0,-0.6452057469072141,0.5326521613914934,0.5477145416390499,0,-0.20455782339690295,0.72539943650483,-0.6572303663142756,0,-0.22442718307637752,-0.9173863398434511,0.32868638999057753,0,-0.8702141169113417,-0.1328439723576745,-0.47442583164963453,0,0.9307131397183825,0.3297020285706197,0.15833390007186982
0,0.15199815184284857,-0.43041476935530953,-0.8897413602599206,0,-0.8352129876467986,0.4729425865513399,0.2806146380576694,0,-0.26020293674147943,0.4520039969808371,-0.8532214357506832,0,-0.1383602823261476,-0.9741020300616198,0.17883418941706794,0,-0.7206658904207756,-0.322348208444558,-0.6137852286399654,0,0.9081581160905108,0.4041783605634911,-0.1090352650803534
0,0.07691225172323975,-0.38243291494373005,-0.9207766130297307,0,-0.8869870439509554,0.4174203777748322,-0.1975201561397276,0,-0.2847773630869688,0.1957560063974766,-0.9383930090492704,0,-0.10804505369035679,-0.9940577275679031,0.013247665288069678,0,-0.5824440813672382,-0.35342350965574076,-0.732018247657046,0,0.6687217117398799,0.4886107472097365,-0.5604202083783453
0,-0.08648256102853191,-0.24126794774797192,-0.9665974053490044,0,-0.6691368992249476,0.2846300836792888,-0.6864703384417594,0,-0.3045164074682867,0.07001449153694207,-0.9499303809003226,0,-0.2740310626552948,-0.9387348667228762,-0.20900676232790605,0,-0.4910128589880353,-0.21675409653063654,-0.8437559089840991,0,0.1707085962640411,0.3719111943153456,-0.9124366491458429
0,-0.27939961672566527,-0.013516551713288676,-0.960079765958711,0,-0.3420808749179393,0.21262537251452254,-0.9152983808455238,0,-0.29092424541051015,0.10486454167563657,-0.950981866983532,0,-0.7505183967909067,-0.1476803001593775,-0.6441371476814881,0,-0.3846008164303561,0.07169876552834965,-0.9202942458924833,0,-0.14517249321111242,0.14497143275771418,-0.9787278635550564
0,-0.3685551523705398,0.1946520837090346,-0.9089981660976323,0,-0.04304153808118478,0.32259042727121096,-0.9455595392319743,0,-0.18469316858496232,0.23280868160853316,-0.954823832571089,0,-0.15657290269124383,0.8417241180648136,-0.5167063336275743,0,-0.2270286297914573,0.3678754771643646,-0.9017347916965965,0,-0.07891171442006481,0.02967642237658929,-0.9964397880866723
0,-0.35147939860490957,0.22456285696604988,-0.9088639918203254,0,0.22784453707970875,0.5341364484963861,-0.8141161595930895,0,0.013284326723610313,0.3465347958256827,-0.9379430483486473,0,-0.11812716387275328,0.9886405049503106,-0.09292967839702596,0,-0.11442948865017112,0.5670467496078656,-0.8156983976240328,0,0.3135925638552905,-0.012693526072279547,-0.949472789652509
0,-0.3162850462950984,0.06257341045476753,-0.9465982980093336,0,0.4465557813333776,0.7147895707875991,-0.5382042397185444,0,0.23831421163847408,0.3938822844363514,-0.8877291718414655,0,-0.3609160369536745,0.8444312853747921,0.39582245836982294,0,-0.09271358503281085,0.6948897572579503,-0.7131145885538668,0,0.7439288646915795,-0.11424607227901977,-0.6584205944892022
0,-0.2428754758370702,-0.18575336330253514,-0.9521067121172465,0,0.590345211288246,0.7797667237777588,-0.20846195815528618,0,0.43392721691458125,0.3950755457580521,-0.8097051831158938,0,-0.4655871459184037,0.4091632940309844,0.7847381782309749,0,-0.1417081554760825,0.7809454167742794,-0.608311642738172,0,0.9162352563793327,-0.22636828803105097,-0.33056066484291463
0,-0.053758277363477554,-0.38443597584666284,-0.9215850628616633,0,0.6762622348774815,0.7344203890591626,0.05741151289334206,0,0.5745540582379306,0.4026888579924411,-0.7125512738119752,0,-0.27745802468950337,-0.12379592295529401,0.952728510119775,0,-0.23173393678650087,0.8350327496123745,-0.49901872671897535,0,0.9552705153672351,-0.2303774869695666,-0.18543046127215546
0,0.2730454604427586,-0.3441259067154513,-0.8983448874785622,0,0.7426189717118742,0.6470524564202559,0.17274310838384094,0,0.638281618184582,0.47727998278943623,-0.6039870809182818,0,0.24814625996450487,-0.5601805185446128,0.7903298174235343,0,-0.33605378827285365,0.8636597318757859,-0.37571228210388524,0,0.9713466284383786,-0.071441781667513,-0.22667553739556037
0,0.46803085277084455,0.15394090420810924,-0.8702007348113342,0,0.7941107989018945,0.6037769754213766,0.06958019127890383,0,0.5628570182343917,0.6603189377563807,-0.4971628279191582,0,0.8723669901793896,-0.48828222204158567,-0.02358614176766165,0,-0.4356742287118295,0.8762659799294492,-0.20578119169310571,0,0.861136188795592,0.2839999772893958,-0.42164970917365197
0,0.06065598351200437,0.7136137353174886,-0.6979085100716371,0,0.6894320671867191,0.65199597041783,-0.31557040306967893,0,0.2483299471658033,0.8747036064779705,-0.4162040823382935,0,0.3650872662804356,0.28315496366729925,-0.8868678337556554,0,-0.5895033227718038,0.8062027919117289,0.05022838594595503,0,0.37933477635412527,0.6792494814548145,-0.6282716525450847
0,-0.49648341606232993,0.751636052436355,-0.4342205226068571,0,0.12791543293297392,0.6097662463351152,-0.782191004069948,0,-0.22896933448039913,0.8997760409715012,-0.3714513695778423,0,-0.5445256529519561,0.5009716792970245,-0.6726954658830139,0,-0.7389811206870213,0.6546642326003226,0.15912776571668774,0,-0.31434909162491276,0.7327579546269005,-0.6035316300953858
0,-0.792002219110763,0.5706141231525895,-0.21709907273507206,0,-0.5477437242518362,0.22977255715781544,-0.8044758445844642,0,-0.5929331803664603,0.7315328381743907,-0.3365857250286103,0,-0.9027516028824549,0.33403280728102763,-0.2710380548061732,0,-0.7703128535117599,0.5875476086350765,0.24780216968737934,0,-0.753873610635057,0.5075066011343559,-0.41726685585260204
0,-0.9073427571828403,0.4165492771083788,-0.05670820688690569,0,-0.7817509623584554,-0.2048998355036859,-0.5889664593694545,0,-0.7730818609167787,0.5607281846763625,-0.29652713068284586,0,-0.987029833358876,0.15974597307456195,0.015916411216437398,0,-0.7466720237678534,0.5678202583770982,0.34649825843571525,0,-0.9285916720933237,0.2800973642958059,-0.24343987560271982
0,-0.9403533177301426,0.33414343538120767,0.06390463539961729,0,-0.7186400374890584,-0.5220726090874355,-0.4593437572868088,0,-0.8466110211539043,0.4663674349767582,-0.25641995720681027,0,-0.9732830360631844,0.050606087866956834,0.223962397697542,0,-0.6930997836567033,0.590167852870654,0.413901673508423,0,-0.984101227428048,0.1316738196085841,-0.11919219523230214
0,-0.9351517166830121,0.31938427608449604,0.15324800479875098,0,-0.4941822075273711,-0.7449402473778058,-0.4481606560153043,0,-0.8687905332871746,0.44323680282217753,-0.22078076432189722,0,-0.9195289189731207,0.020682093844046495,0.39247779321427895,0,-0.6349150249346234,0.6447536134492041,0.42564737642379613,0,-0.9979390432954567,0.05664378905072186,-0.030152065078967144
0,-0.9070075353012871,0.36399974956704756,0.21175814794668715,0,-0.06272126613984988,-0.8439984592297133,-0.5326656020353523,0,-0.8602439227585884,0.4737673370085434,-0.18848051289390436,0,-0.842874457121244,0.087312829192927,0.530979396390194,0,-0.5924694585952176,0.7098376534466024,0.38093365089121617,0,-0.9981862383563608,0.04499820327216341,0.0399924400137738
0,-0.8555470828480349,0.4614195470783794,0.2348003207071942,0,0.6459720984978569,-0.44413289617907714,-0.6208590971338507,0,-0.8232579165732381,0.5468069082983661,-0.1524749416680444,0,-0.7464055040255243,0.27200758796161545,0.6073637259926764,0,-0.5697679157649238,0.7660097129159511,0.29764684087575466,0,-0.9894920417691715,0.10176886001945015,0.10270636984052077
0,-0.766137372293171,0.605269590806614,0.21606075354054724,0,0.5745957404460295,0.7473723540070143,-0.3335780261457481,0,-0.7485694668649334,0.656034463485421,-0.09624206978730852,0,-0.6305951732810731,0.5590769351488626,0.5383146923679197,0,-0.5542961331149944,0.8082378499568403,0.19876462137641235,0,-0.9510827966084466,0.2602318221689651,0.16649598411396097
0,-0.5990676303859008,0.7858939052728487,0.1532603793510007,0,-0.30385153476065646,0.9505187970565769,-0.06471677731246726,0,-0.6178737510449199,0.7861187550427806,0.015790210247772437,0,-0.49685592281508234,0.8305993951129198,0.25147333218777784,0,-0.5214231127870292,0.8472447935339052,0.10146032367962854,0,-0.7499789039190145,0.6168914330414005,0.23869772415454865
0,-0.24720090834357072,0.9673420548175332,0.05604515942975236,0,-0.6668258919599221,0.7420652381198284,-0.06842815346052061,0,-0.42470980546085674,0.8719047791392014,0.24372861395335074,0,-0.3280620591411577,0.9240655481257855,-0.19615847705122327,0,-0.42841746538607023,0.9035275987994036,0.00981598492049329,0,0.5583932784847293,0.8133722775794424,0.16316398073198052
0,0.523594964434444,0.8491941140001089,-0.0686852965813167,0,-0.739151050725782,0.6415319993680756,-0.20516436824598,0,-0.2623090130538087,0.7593318090705462,0.5954907097548948,0,-0.09755919188750937,0.7179506549517777,-0.6892235204435275,0,-0.18411659919920048,0.9765848323122187,-0.11127957223604337,0,-0.05317581263791071,-0.9294307063992718,-0.3651450327643094
0,0.8625649774663116,-0.37732598925053534,-0.33705601535152346,0,-0.6740542065517297,0.5451588851790209,-0.49845031501673825,0,-0.3393845538784125,0.40720824101589553,0.847938425262997,0,-0.028775589768060657,0.13087137207413943,-0.9909816594695042,0,0.2940313163077933,0.8560079560852287,-0.42520108672144225,0,-0.6509538217574072,-0.6039919528900511,-0.45984001868420293
0,0.11997838133382906,-0.810647445404676,-0.5731107286305038,0,-0.5987466933052245,0.20503912732459414,-0.7742488963647467,0,-0.631736253697698,0.03618598081897392,0.7743383501778577,0,-0.22441020720728394,-0.2877893968888503,-0.9310302475964654,0,0.3880790689340425,0.2322983163001719,-0.8918700177152454,0,-0.649228435211709,-0.4996661848373877,-0.5734423620928306
0,-0.1262106826779801,-0.7331706296483438,-0.6682302682451683,0,-0.6235227756486574,-0.1692476818944115,-0.7632657272672225,0,-0.8047293805669534,-0.33282458663648995,0.4915673082931545,0,-0.3624921488096992,-0.4332487292146511,-0.8251636084348467,0,-0.021344080492915377,-0.1108737971341249,-0.9936052693786264,0,-0.5677364811597718,-0.5671808807935855,-0.5966415476838106
0,-0.13960497171929348,-0.6991138977642554,-0.7012490355245599,0,-0.6862598258712875,-0.37666405018328913,-0.6222311826762066,0,-0.6938986907848612,-0.6096674764202724,0.3831581594099125,0,-0.4380107713040772,-0.5024413308819231,-0.7454523950214456,0,-0.32220555802559664,-0.13788916429844905,-0.9365736259080165,0,-0.515653888030075,-0.6675532593915876,-0.5370974898797559
0,-0.11629686405533153,-0.6990917211574155,-0.7055110238827302,0,-0.7502462109063942,-0.48246215024888833,-0.4520629343330611,0,-0.5617366304097727,-0.6957125499343557,0.4477007995522353,0,-0.5115149345519983,-0.5463835658748272,-0.663187357141384,0,-0.5517015376123663,-0.0906441192886641,-0.8291013551035441,0,-0.5031594254511454,-0.7472974832347999,-0.4340242667531474
0,-0.16454080998277074,-0.6830689312135834,-0.7115779346360782,0,-0.8113433786056311,-0.5362295862730081,-0.23276544588550507,0,-0.4416071491698645,-0.7044276388942459,0.5556661114049902,0,-0.6309924435672545,-0.5639697075444124,-0.5327163458476707,0,-0.7936386926999555,-0.047421729833427344,-0.6065383788261967,0,-0.5316646238876068,-0.7925348271670402,-0.2986993060483395
0,-0.4585565043224021,-0.5816123257527598,-0.671902548645326,0,-0.8403304544574061,-0.5324646452185428,0.10161756198463254,0,-0.23578281408034324,-0.6716115970105719,0.7023847431039939,0,-0.8148595347097799,-0.5258735178409744,-0.24384622598293226,0,-0.987887695372768,-0.044169802899739485,-0.14875123476085672,0,-0.6152484735095595,-0.7825084346423657,-0.09565492960486205
0,-0.9280611378639995,-0.36735195412692745,-0.061278594841154305,0,-0.6811722142880414,-0.4079517840389845,0.6079307167608301,0,0.4059775248638831,-0.474972679574268,0.7807580950354821,0,-0.8480875890935272,-0.3887436985164345,0.36003580112162764,0,-0.8778429127608395,-0.03091308033501826,0.47794999945576494,0,-0.6772274844326205,-0.6606819007294692,0.32382458272583414
0,-0.6525335110990141,-0.35012567130221556,0.6720208562150176,0,-0.026765241340412055,-0.17842332180790293,0.9835897214240412,0,-0.1620692145008413,-0.6121822346119075,-0.77392924827574,0,-0.39964274938362054,-0.261833823133539,0.8784809172249419,0,-0.5265592184738649,0.11021664996968923,0.8429636288177867,0,-0.28713008144965113,-0.564291210183612,0.774036011071986
0,-0.37075207208726124,-0.3835824440243842,0.8458175983504257,0,0.6024652241347719,-0.21460533360637923,0.7687523687741935,0,-0.5000062083675808,-0.8431363647491074,0.19777477602448568,0,-0.03928281589689483,-0.22355137318647084,0.9739002227752358,0,-0.41702518720281884,0.2697690346128766,0.8679370145364758,0,-0.010253290707564663,-0.5865315376571992,0.8098614852943359
0,-0.2692781034623896,-0.39108010931278125,0.8800827524134316,0,0.6505552209766399,-0.3292071536010604,0.6843979503753083,0,-0.252800949997881,-0.7796903087379932,0.5728653438114596,0,-0.006779006721292455,-0.1656457366554841,0.9861620226898491,0,-0.6433189549102087,0.15555676833631554,0.7496284506860706,0,0.03478357909566052,-0.5025442709522311,0.8638514677642137
0,-0.22018079365330498,-0.4074033961192789,0.8863085754615481,0,0.5350847019182159,-0.04654670379898979,0.8435151250206148,0,0.04373036764687563,-0.6289729906674357,0.7761962586590655,0,-0.2033397615882883,-0.06462920107864568,0.9769728797285798,0,-0.7358259928027913,-0.47145792874712505,0.48609415727537547,0,0.03251202228112238,-0.31864864641914914,0.9473151579819865
0,-0.12884715964697957,-0.44686890958976966,0.8852720412918029,0,0.5215664488066258,0.5011369241562089,0.6905289441627335,0,0.3634087247811915,-0.3844411735312897,0.848610088819826,0,-0.5608196608319393,0.031387359600631506,0.8273428199251197,0,-0.05927470610870507,-0.9877606717225319,0.14427530840022312,0,0.037839312489501044,-0.0592903691021923,0.99752335238933
0,0.10351519316914269,-0.47021011060885776,0.8764628096299127,0,0.6203609409955333,0.752660297608512,0.22057828381552524,0,0.6612609121098497,-0.06669356285810885,0.7471853684253602,0,-0.9351795434375053,-0.012956623098632386,0.3539369258129176,0,0.6736805710091298,-0.7389950247044064,-0.006390751673066503,0,0.09635244277096199,0.2644792324977649,0.9595660177129354
0,0.5401956132765665,-0.28834141535911306,0.7905997265275633,0,0.7472117662148178,0.6295381272923891,-0.2129702390366414,0,0.8641186282667255,0.2534768932169126,0.4347970341291839,0,-0.7482740567387681,-0.48850697017783495,-0.4488283370057853,0,0.9582914516669854,-0.28483147753627486,-0.023420569303171348,0,0.2650336661241185,0.6591759795008654,0.7037358764976275
0,0.8176434844150049,0.33582251952439035,0.4676348658665006,0,0.8216480660156696,0.25442623510218393,-0.5100605321963638,0,0.88114983464297,0.4689723098739942,-0.060331927535238264,0,0.4045437544569192,-0.9099618969132501,-0.0911794762868228,0,0.9982285350181757,0.05130955492394234,-0.030118456948748148,0,0.3502111778372857,0.9238777383987116,-0.15427914768076398
0,0.4746537555942489,0.8769895530710902,0.074787272342587,0,0.7023465873108525,-0.2718137827189548,-0.6578955379213419,0,0.644790869878111,0.4905154060472921,-0.5862076172757302,0,0.3858136891058734,-0.4716819015672862,0.7928833338091963,0,0.9686051962956065,0.2336867866409179,-0.08482015950581362,0,-0.347756905750358,0.43125092881228777,-0.8325189312571071
0,0.047652500033123484,0.9886298385289946,-0.1426193591723357,0,0.3204367550666595,-0.6939427480808162,-0.6447974475665942,0,0.228262570490906,0.33931187134351526,-0.9125588489945433,0,0.048407329527305656,-0.20704136788804486,0.9771338712945541,0,0.9364681501065988,0.2600813265515637,-0.235340407527275,0,-0.8139104680154504,0.08909173881150197,-0.5741188136008204
0,-0.16652730656273843,0.9482324961502928,-0.2704141072753866,0,-0.06559189036414845,-0.8250359701610855,-0.5612605026712765,0,-0.1512932733238652,0.13828626112987885,-0.9787682337661299,0,-0.0242327416642881,-0.19624091486229564,0.980256230567009,0,0.8540516910929107,0.11078486793564087,-0.5082542886959457,0,-0.9392231994298332,-0.015232595983031005,-0.3429690214471347
0,-0.1719372449134235,0.8979877342851262,-0.4050377919219967,0,-0.21563716865061136,-0.8170618223646344,-0.5347060780751709,0,-0.35303890701783,-0.0446358157575382,-0.9345432970618938,0,0.26167848121442006,-0.44164758233422996,0.8581793434286588,0,0.6124220500751952,-0.14794270450907382,-0.776564349403342,0,-0.968328166049673,-0.14112401805119415,-0.2059722660067684
0,0.06075115176033662,0.800981650681817,-0.5955986004271869,0,-0.13269564206357568,-0.7662493325057826,-0.6286921559966989,0,-0.3459522456481353,-0.20757482350811504,-0.9150025881802669,0,0.6035239369698897,-0.7829526478747966,0.15081116898363153,0,0.3544887248427813,-0.3268054606341419,-0.8760912822640374,0,-0.8852112333319235,-0.43973832615093494,-0.1517605907241689
0,0.5360191748253975,0.44295768734807367,-0.7186598162126129,0,0.03170028341207953,-0.598568862462695,-0.8004438824313103,0,-0.12395546409432684,-0.2700081347720822,-0.9548458776567353,0,0.4116282963028718,-0.7199245789854979,-0.5588119059713642,0,0.2771676850926561,-0.372541386188056,-0.8856585063767299,0,-0.4806725498584215,-0.7374803649414351,-0.4744223973828078
0,0.9331842201799188,-0.058841485948821284,-0.3545488552210138,0,0.12328096884395995,-0.3672142332141393,-0.9219303171313148,0,0.13646291393193025,-0.08274145147736814,-0.9871837343314692,0,0.22946583578369414,-0.5833050716228049,-0.7791666212224475,0,0.35050113712249836,-0.3109140797412452,-0.8834485768252106,0,-0.2534205225637836,-0.4306352108689733,-0.8662166899242555
0,0.9251122865149493,0.09580956773330371,0.36740683726604756,0,0.15406036127019668,-0.19831850949308685,-0.9679541176511091,0,0.17970932344107296,0.18196842660460905,-0.96674301176031,0,0.21807560347766905,-0.5373051510350938,-0.8147062082978167,0,0.47036336095784625,-0.16113102521517703,-0.8676376555806836,0,-0.294261154888384,-0.2175435625122159,-0.9306369706460454
0,0.36854879756356773,0.7795109239776677,0.506492352572012,0,0.1778025209170994,-0.12039024755877839,-0.976674178960548,0,0.09917184205361358,0.3104918995733812,-0.9453886640123239,0,0.3240511816234601,-0.5713842475338872,-0.7539966003627422,0,0.5583818250270737,0.03457648775675185,-0.8288631997946596,0,-0.34362165100200076,-0.18220287389535228,-0.9212634116836147
0,-0.17404817660607275,0.9833827676748442,0.051629104778843776,0,0.21361174534438504,-0.12537973584579828,-0.9688394831395774,0,0.023247366283280828,0.3233667736882488,-0.945988102269444,0,0.4912815976955081,-0.6866119089718423,-0.5359164843740035,0,0.5931279393686008,0.21932632449755377,-0.7746581251899132,0,-0.3957235867758777,-0.21426866443547374,-0.893023953939799
0,-0.38804025628529853,0.8582751127527368,-0.3358401261483156,0,0.25012326310888494,-0.21394134065945286,-0.9442814495734836,0,-0.015119379848263175,0.2759231479506875,-0.9610607789198283,0,0.5154851476945459,-0.8568850386715939,0.004805518402124798,0,0.6019955132066874,0.3508428248860482,-0.7172940222147364,0,-0.466015395736263,-0.22945865762282597,-0.8545047544506145
0,-0.4034153132667163,0.7101346446965917,-0.5770310835852456,0,0.23568038867477561,-0.3802998569773835,-0.8943303490193589,0,-0.011012507135371712,0.20209663191269703,-0.9793036689689961,0,-0.14905179939230673,-0.7619477446346088,0.6302532788840913,0,0.6362486411368714,0.4066725070037401,-0.6555952552442532,0,-0.5141105014733758,-0.17098302388545636,-0.8405088921705584
0,-0.29938772960772725,0.6172838664411018,-0.7275490468634087,0,0.10250392437644619,-0.5351419520108316,-0.8385201468572264,0,0.04363814247390072,0.12809385906645226,-0.990801531988567,0,-0.9076314677710106,-0.2560778019888386,0.3326097984732353,0,0.7474009828448941,0.362979875073973,-0.5564506996435258,0,-0.4762914116707279,-0.06060068602189681,-0.8771966985929557
0,-0.09236236225828885,0.6018690274674356,-0.7932356949945406,0,-0.05689835261416835,-0.5247599200306649,-0.8493465746085069,0,0.1660211770224531,0.08481888975003077,-0.9824676710821846,0,-0.9724644024563697,0.09350792028125096,-0.21346956410657483,0,0.9218376326182637,0.16386682278903006,-0.35123075531306147,0,-0.33458672201725553,0.06667515452024632,-0.9400032708557183
0,0.19545124525501872,0.6777667381004042,-0.7088237153573521,0,-0.041669558342665884,-0.3597986259301906,-0.9320990272960668,0,0.362991369448059,0.115937006593658,-0.9245517163514028,0,-0.817899604581967,0.2932490046802886,-0.49502046228280516,0,0.9744171629337023,-0.20158407106150963,-0.0993733106749651,0,-0.10544297102808756,0.2321212844267133,-0.9669547503254031
0,0.4410506763272504,0.8074441929075408,-0.391801194805689,0,0.1396648098820886,-0.08976927911007099,-0.9861212995411157,0,0.5690019389497759,0.26729308723347994,-0.7776832253485932,0,-0.7179811528667218,0.42016667410356956,-0.5549441684538345,0,0.8841938389975157,-0.4531797272488668,-0.11326689670630981,0,0.12906244562037295,0.4783111223750904,-0.8686549115401175
0,0.4846163617321285,0.8739770499386619,0.03620908894225946,0,0.2811078048710877,0.25863312260506677,-0.9241684424022015,0,0.6382268828413455,0.5105709485303319,-0.5761803125198366,0,-0.7456529866003764,0.39238924165313815,-0.53854647581134,0,0.8765028036269574,-0.33053751107238205,-0.34998255529120087,0,0.1913375958919735,0.7459600462798086,-0.6379134218312901
0,0.42023246330422187,0.8560780547341305,0.3008904135858985,0,0.2566739019417174,0.5269548725495906,-0.8102080414055751,0,0.5371118570531567,0.7191845752498776,-0.44077704084441915,0,-0.7505041143085969,0.20188951027407362,-0.629272754890249,0,0.8475891564966482,0.039333597580031576,-0.5291932443736526,0,0.06208717742418127,0.8908678211371469,-0.44999967517971673
0,0.4161160287695347,0.8562727446489852,0.30601378624559683,0,0.1796340011525078,0.6424614440722051,-0.7449663875038912,0,0.38699922508500806,0.8216996303805418,-0.41837939387126155,0,-0.5984901284861652,-0.013907163863209376,-0.8010094611787649,0,0.7178758867573214,0.37480785409551415,-0.586662836491886,0,-0.07864386695197631,0.9127022237727693,-0.4009860258301795
0,0.42333372629865623,0.9013252130333865,0.09165924136940413,0,0.1519157154308021,0.6612888018782855,-0.7345874596775586,0,0.27965606070691107,0.8386844847070404,-0.4673337381589077,0,-0.246568398947556,-0.223319338702479,-0.9430442712841884,0,0.5752107758248552,0.5704672666102194,-0.5862590392490618,0,-0.1406492733058637,0.8823842703452567,-0.44901646001655815
0,0.3466395976176207,0.9218665001378473,-0.1732141601806568,0,0.20467177456671298,0.626825591533273,-0.751797274865156,0,0.23812623478057132,0.8074803323263735,-0.5396956635135378,0,0.42831326469454534,-0.3589864518067371,-0.8292626090123137,0,0.49185667151905943,0.6632941409706459,-0.564019412109375,0,-0.13086218724509985,0.8219121261364566,-0.5543785212824157
0,0.24988382205400694,0.9079950213219743,-0.3363080681907424,0,0.3541069977396997,0.5405410967566929,-0.7631667949202505,0,0.26047141122902806,0.754132317835767,-0.6028590972424756,0,0.9989767076656492,0.024683973033827963,-0.03789774421736981,0,0.4892287784568786,0.7061358763683223,-0.5118860482911519,0,-0.10094413291128407,0.7146637486804627,-0.692145944402463
0,0.2036357454187523,0.901446939180094,-0.3820024856340448,0,0.6033842265689433,0.3653088703377851,-0.7088560533566242,0,0.3417045533420746,0.6975350319286492,-0.6298276569487812,0,0.5536935005583751,0.6042899727679492,0.572937288236264,0,0.5577277098347191,0.7305576003412192,-0.3939865407170641,0,-0.11904483493539778,0.5843933193426752,-0.8026909589517336
0,0.20818157188922243,0.9230671240048076,-0.32343085459990545,0,0.8616518188201315,0.05318071954417926,-0.5047058095492091,0,0.47262494481088807,0.6562648792568244,-0.5881684025825685,0,0.02530079512132731,0.7515580004473136,0.659181645474041,0,0.6520167313299794,0.740381736528637,-0.16342908639715714,0,-0.15822894845174826,0.5252063270604302,-0.8361351050443621
0,0.2197791123311724,0.9633188243241045,-0.1539934559835146,0,0.9263553112908416,-0.31352670971092916,-0.20872671017645733,0,0.6209278213508703,0.6501803784402607,-0.43785170567640924,0,-0.32028512329826947,0.6767605395953756,0.6628820497195472,0,0.6819036249320461,0.7063799677234174,0.18982831059565192,0,-0.13882733557177374,0.5670115112801253,-0.8119266697023018
0,0.15993586858469044,0.9801278456781309,0.11734531974649155,0,0.8596970997210485,-0.5059017673264385,-0.07059956478055299,0,0.7045883857210444,0.6911642141058525,-0.16077075556969928,0,-0.6030020517817134,0.46765467871680355,0.6462875730054904,0,0.5699729865259799,0.588397404186746,0.5735148554108727,0,-0.060842846442959675,0.6871652134257621,-0.7239489743719826
0,-0.04039717405154983,0.9173480375670988,0.3960311178435872,0,0.9126226795783109,-0.3911303892562736,-0.11889854212537582,0,0.6220908827282319,0.7639630983260566,0.17135728179001022,0,-0.8553716264747193,0.13237905811337408,0.5008145021812063,0,0.35842932139273503,0.39553012915924707,0.8456265951903433,0,-0.013347672384683791,0.8447081075919413,-0.5350607933780537
0,-0.33841774814176684,0.7777652213639832,0.5296741339534051,0,0.9847806065250225,0.06103208519471444,-0.1627336522941508,0,0.374047479381148,0.8307903358434481,0.412160042990269,0,-0.9716248547282176,-0.2227315692083995,0.07959767428973065,0,0.17478217603215468,0.1992984556377363,0.9642257601422387,0,-0.09061907218812068,0.946653766155369,-0.3092488169413432
0,-0.6027940254314634,0.6420664193568392,0.47369829642760997,0,0.7950222771950376,0.6010430914589204,-0.08177273979218626,0,0.07391296603147197,0.8698252642599931,0.4877918440354077,0,-0.783315645754947,-0.3041921031095173,-0.5421104716949479,0,0.09571760341236722,0.09490752163205501,0.9908737067531129,0,-0.2268652505828531,0.9588949237315098,-0.17044847702435292
0,-0.7557312657873382,0.5809376173664637,0.30229412604290556,0,0.4050972947918801,0.912816875410493,0.051590054449719515,0,-0.18784008878161051,0.882803949821867,0.430549982261557,0,-0.3488798092552698,0.057944515866567126,-0.9353744233059806,0,0.0706249095988977,0.19383185335799638,0.9784893125466175,0,-0.3249468908630034,0.9389831759776545,-0.11278347994890424
0,-0.7830700145040465,0.6168505127701811,0.07935236152627677,0,0.006857785066407002,0.9873451676878369,0.15843765533313237,0,-0.3893333494893197,0.8726863001080309,0.2946831596463951,0,0.04863681395982866,0.6264346433473788,-0.7779550745011434,0,-0.13428849507610455,0.5103309624238539,0.8494285778579257,0,-0.3725745757410232,0.9247542161996802,-0.07757464232796367
0,-0.6639170972731936,0.7215490180092895,-0.19642072843304234,0,-0.34245461476027855,0.9123677561919676,0.2242987166495243,0,-0.5404555703450686,0.83319800378831,0.11699941438384219,0,0.18874938087334464,0.980185671837123,-0.06008094494211066,0,-0.6103069031029444,0.6445890705319857,0.46046760382854723,0,-0.3873928744765924,0.9215001495865313,-0.027644802707987238
0,-0.4012249159633395,0.7400342900721216,-0.5397849723062526,0,-0.6504385067143774,0.7192467441200359,0.24415951764348276,0,-0.6542338073527475,0.7525245925655956,-0.07539802981983221,0,-0.04352226133039208,0.5143397347138026,0.8564814359127838,0,-0.9190311590324065,0.3939167544885717,-0.01453682430043491,0,-0.38390345495015665,0.9213537872729464,0.061035530268290415
0,-0.21434290480666646,0.5685594139451449,-0.7942274938412762,0,-0.9034296585166308,0.38576011203288874,0.18709352761893372,0,-0.7377087372710399,0.6264717362091345,-0.2516326343801223,0,-0.2927483382870516,-0.7225301847196252,0.6262974873007192,0,-0.9127520462877023,0.10189012068234954,-0.3956034697837573,0,-0.36354830443856057,0.9060057179853751,0.2167631641161672
0,-0.1942161940000274,0.4944894407027462,-0.8472073317799066,0,-0.9951292256724509,-0.09763043378844172,-0.013642676087529466,0,-0.7930803295621539,0.47676326953509496,-0.37910470279830555,0,-0.01791351457689901,-0.8754768540760288,-0.4829279283419452,0,-0.7312973448124566,-0.033954935096402634,-0.6812130766895553,0,-0.2818282727925637,0.8384180545471803,0.46650615265404766
0,-0.19633384590072747,0.6112959508667268,-0.7666617777141193,0,-0.7427567259427456,-0.552486053044229,-0.3782480763446428,0,-0.8242278563691683,0.3544853785766042,-0.44157508666192596,0,0.32073952522507887,-0.24737812394736158,-0.9142921965929025,0,-0.4891409205506241,0.027529371285744304,-0.8717702068547074,0,-0.05746178054951416,0.7072954536482385,0.7045787997269091
0,-0.1850255765976553,0.8139736409624808,-0.5506472989337069,0,-0.2373025341083903,-0.6445955533819308,-0.7267627397342127,0,-0.8412622660291978,0.3128070467373718,-0.44094166424467435,0,0.5041254375393907,0.3321003322211786,-0.7972245057474718,0,-0.2709162524036868,0.2683851544832257,-0.9244316053860108,0,0.10736283582904536,0.5653250013952882,0.8178513705314449
0,-0.19361541605269994,0.9636392622434944,-0.18415331365347054,0,0.1331492396067493,-0.40524947075780043,-0.904457929614566,0,-0.8552029456128565,0.36367240243785737,-0.3692835029082274,0,0.5710977829334538,0.69286250035612,-0.4402145816857496,0,-0.1443516456913544,0.6014651472270777,-0.7857495014680617,0,0.09281064219397979,0.3194791942207999,0.9430372363568522
0,-0.25001879268447846,0.934655188481449,0.25280482975865537,0,0.23296298813629862,-0.0734819932151355,-0.9697054412715944,0,-0.8649932509597215,0.45109058200117835,-0.21978162485515176,0,0.5779717910160787,0.8160394844651238,0.005307408365769922,0,-0.12583506770228792,0.8782401734385094,-0.46136724363034043,0,-0.06105615693285405,-0.07880233342919288,0.9950187626103867
0,-0.339144181172225,0.7165239992510716,0.609569178087501,0,0.14031108523628338,0.2807236917547207,-0.9494772289251685,0,-0.8584001032174992,0.5115878167870949,-0.03777788388992838,0,0.5791563553395533,0.694328576417182,0.42718350160123747,0,-0.15868740442063908,0.9860175051567821,-0.05087029784300463,0,-0.3344932621628369,-0.4980183042660722,0.8000575142973219
0,-0.42285343006266657,0.4164577867557574,0.8048340751575653,0,-0.002719450937545528,0.6261781236800628,-0.7796752926770953,0,-0.8278532893866916,0.5472087922885307,0.12337531719822424,0,0.6305051754531595,0.36128202292606787,0.6869778188829889,0,-0.1644987166537421,0.9334272099952741,0.318831955518437,0,-0.635751507774012,-0.6859435846090276,0.3539794049048448
0,-0.4818282136919987,0.14446393148808948,0.8642752715364371,0,-0.06711657749919803,0.8676545048493429,-0.49261650930458617,0,-0.7686131214067412,0.5878758431985093,0.2522614964377793,0,0.7611984332588144,-0.03128468275531758,0.6477640109092394,0,-0.10769823943872908,0.8102107843292139,0.5761593305487974,0,-0.8451524248328081,-0.5200967449197689,-0.12335621071954804
0,-0.5241027980642494,-0.03748049584677665,0.8508298710625434,0,-0.043346233648451686,0.977387899509866,-0.20696375991990967,0,-0.6699061247063551,0.6514606734425021,0.356124662216414,0,0.9208363526992245,-0.22356599211726516,0.31949750971832674,0,-0.0029986544008855694,0.7019004177118268,0.7122687777010495,0,-0.9057518719535405,-0.09008922648897431,-0.41412253950162586
0,-0.5726426498991791,-0.08248199547494993,0.8156452145013275,0,0.026226649148944053,0.999364607785293,0.024135939603967992,0,-0.5160396511561173,0.7381755355615828,0.43451117032021513,0,0.9962529550461772,-0.06521513962424909,-0.05680699891341763,0,0.10962948607775552,0.6530941159047554,0.7492993070548732,0,-0.794322061883404,0.43112634545998313,-0.427998290014828
0,-0.6293134052192737,0.09499770489722284,0.771323585841625,0,0.11452983686338723,0.9731508985929584,0.1996503068762051,0,-0.3027639440956085,0.8280239112246705,0.4719220238512615,0,0.9278150282061095,0.314996621566472,-0.19984094134237193,0,0.18711519846376976,0.6695758765458139,0.7187879019931883,0,-0.5010331172766812,0.8407809988659836,-0.20506859178804115
0,-0.5456972146448563,0.559068653717776,0.6242249517273712,0,0.2042829367765228,0.9224172708237142,0.327742063562323,0,-0.0650250742156057,0.8884197293363376,0.4544030416372707,0,0.7733151530271728,0.6338362117428789,-0.015340494841982556,0,0.19943301106357722,0.7306165354662484,0.6530129801170962,0,-0.10756546780237729,0.9913236696385134,0.07554503392604629
0,-0.16385468542911757,0.9374793410983704,0.30705720489298105,0,0.276518691698094,0.8649791389024808,0.4187463461393991,0,0.12835522205549052,0.9074371170622358,0.40010350604420314,0,0.659729671234761,0.6572687453419652,0.3643549880117917,0,0.1418882312242661,0.8047192750828062,0.576450013574683,0,0.2260228341530774,0.9433711980442173,0.2428259894287029
0,0.1442422147047922,0.9867612838518083,0.07413738724953554,0,0.31153391449999995,0.8159555559383306,0.48699399467516735,0,0.23134762094074915,0.9077829357252707,0.34986914681215364,0,0.6712523572311405,0.33201243637229066,0.6627126187162677,0,0.038870728677395106,0.8661751725649475,0.4982264915519568,0,0.41913384347863525,0.8600359569628192,0.29097246258344545
0,0.23382065341180816,0.9722350035736425,-0.009327371775278155,0,0.2952723263065029,0.785594226560405,0.543742553523729,0,0.24676270541283016,0.9128834377429693,0.32519532024910636,0,0.7381211929429307,-0.20221833333724354,0.6436496331008138,0,-0.06745604237397738,0.904630896656102,0.4208237435820573,0,0.4908145131251161,0.8209787615867986,0.2917104501541922
0,0.2091712383459899,0.9777169263841091,-0.017804631723681293,0,0.22498258032453491,0.778046896932637,0.5865371810243654,0,0.20269073714255803,0.9256505081844589,0.3195115049172084,0,0.6329108467040149,-0.7296028745799845,0.25904344332376084,0,-0.14668845695803143,0.9241900623734219,0.35264036241684266,0,0.4835195368776141,0.8253078917557658,0.2916774610135495
0,0.14763449354047722,0.9890407551647978,0.001562350822712439,0,0.11344864840120593,0.7917143700671565,0.6002647419306794,0,0.13088250197961035,0.9393854010684386,0.31689878342310784,0,0.11847769591459413,-0.942984869335438,-0.31103467937706875,0,-0.19483120391735775,0.9349064565657877,0.296632296710449,0,0.4311228646526117,0.8494538488340698,0.3042387783874886
0,0.09227900948243134,0.9954769268363965,0.022589213029780755,0,-0.014753732900791435,0.8204375618264718,0.5715457413975952,0,0.05736768154978599,0.9506439949073362,0.304934327454655,0,-0.5540752994931953,-0.5335822002390287,-0.6389762108870742,0,-0.21823210113532374,0.9453506018549392,0.2422539774834788,0,0.35891757109182326,0.8737235921334495,0.32830665803630565
0,0.06932486120088836,0.9972817311164591,0.024964222416005634,0,-0.13932107219066847,0.8562758229101237,0.49737446048549055,0,-0.0011097180530946465,0.961530945606955,0.2746943923090493,0,-0.761923555826971,0.10113356930946696,-0.6397222023931262,0,-0.2219538431511502,0.9601106010448914,0.17007094187912214,0,0.28746744087661436,0.8868180780290582,0.3618233918871159
0,0.09768843828698064,0.9950218259720619,-0.019711287737595142,0,-0.2615745995877363,0.8894959363504176,0.3746674633146161,0,-0.03778810220888644,0.9763498094817268,0.21286875970054028,0,-0.6034446956151219,0.4312692177628428,-0.6707170499876967,0,-0.2117758071066746,0.9760927130848952,0.04892875419306069,0,0.23574578918568095,0.881456500948364,0.4092167638514912
0,0.18299614062334543,0.9671359447419273,-0.17652330414169165,0,-0.4246343625984267,0.8873987901652893,0.17946878646106867,0,-0.0645343931948989,0.9943294742458456,0.08452342125675122,0,-0.3979126691857013,0.37631232687346594,-0.8366926199893177,0,-0.21226850015841023,0.960323727039204,-0.18088787445827129,0,0.23332203422341644,0.8412672203347416,0.487678472291021
0,0.1907601137721853,0.796161291476393,-0.5742279834249328,0,-0.7692372719947984,0.6320224386773712,-0.09392367317300378,0,-0.2023769125631038,0.9611301249500935,-0.18780965942901742,0,-0.2874550386984881,-0.04644446133879817,-0.956667399223889,0,-0.36187487272289237,0.7315756388997505,-0.5777920569376256,0,0.41111091962653773,0.6981683731353073,0.5861303050665618
